SNP,Chromosome,Position,DF,t Value,std Error,effect
PZB00859.1,1,157104,276,0.320111271775307,0.257051106254797,0.0822849565344728
PZA01271.1,1,1947984,276,0.522444495810564,0.233075270469782,0.121768892166496
PZA03613.2,1,2914066,276,-0.740792057253464,0.247528274665504,-0.183366979817859
PZA03613.1,1,2914171,276,0.857564485371601,0.272355308019616,0.233562239560066
PZA03614.2,1,2915078,276,1.73540504999521,0.248102083331824,0.430557608328378
PZA03614.1,1,2915242,276,0.933685921546111,0.253562565886463,0.236747797999299
PZA00258.3,1,2973508,276,-1.24131053008268,0.277863790464955,-0.344915249032836
PZA02962.13,1,3205252,276,1.66930673925398,0.357796257908151,0.597271704605931
PZA02962.14,1,3205262,276,-1.25918880624574,0.424807853658554,-0.534913294132129
PZA00599.25,1,3206090,276,-0.217860528467686,0.355715488550518,-0.077496364319757
PZA02129.1,1,3706018,276,0.759754901949994,0.225038806378393,0.170974336274959
PZA00393.1,1,4175293,276,-2.79007117834435,0.277774512534833,-0.77501066150209
PZA02869.8,1,4429897,276,0.0946634252097454,0.285786090721619,0.0270534902250115
PZA02869.4,1,4429927,276,-0.14914173117443,0.284245908958039,-0.0423929269412513
PZA02869.2,1,4430055,276,-0.776371217860001,0.280014282756927,-0.21739502972219
PZA02032.1,1,4490461,276,-0.404706316989354,0.381504642110882,-0.154397338623037
zagl1.5,1,4835434,NA,NA,NA,NA
zagl1.2,1,4835558,276,-0.571676458810835,0.6825739686651,-0.390211469282923
zagl1.6,1,4835658,276,-0.605257251336981,1.08634898461546,-0.657520600421073
PZD00081.2,1,4836542,276,0.199938347616884,0.963390491995942,0.192618703079485
zagl1.1,1,4912526,NA,NA,NA,NA
PZB00919.1,1,5353319,276,1.15523219704661,0.269579771307474,0.311427231486855
PZB00919.2,1,5353655,276,1.3045160985695,0.640981444516574,0.836170613256206
PHM2244.142,1,5562502,276,1.35007713127762,0.379033703874898,0.511724735584954
PZA03093.10,1,8075572,276,1.08522069462718,0.226552197063769,0.245859132666857
PZA00181.5,1,8366368,276,-1.58514970511446,0.368588287178689,-0.584267614729941
PZA00181.2,1,8366411,276,-0.0857007710909291,0.258748092289915,-0.0221749110275526
PZA00528.1,1,8367944,276,-0.105289362616625,0.292742790221458,-0.0308227017930296
PZA00175.2,1,8510027,276,-1.61839421513861,0.223944402210353,-0.362430325049909
PZA00447.6,1,9023947,276,0.053216894353125,0.229259227627284,0.0122004640961202
PZA00447.8,1,9024005,276,0.0270204697272593,0.231430089176976,0.00625334971858338
PZB01915.1,1,9029842,276,1.16000051708958,0.291366985735665,0.337985854116203
PZA03128.1,1,9084948,276,0.0405282737775502,0.248563314678229,0.0100738420683346
PZA03128.3,1,9084979,276,1.30282395868914,0.291677376833794,0.380004274746668
PZA02284.1,1,9273299,276,-0.628871581585404,0.229938693565313,-0.1446019098901
PZA00731.6,1,9300391,276,-0.162876139872651,0.274609015655809,-0.0447272564442465
PZA00731.7,1,9300541,276,0.845123350612305,0.250772282132875,0.211933511316829
PZA03518.1,1,10065344,276,0.923811433620755,0.510809636322186,0.471891782438095
PZA03519.2,1,10065856,276,1.8001218926843,0.253113505186592,0.455635162020445
PZA03519.1,1,10066126,276,1.85867756978925,0.253036574962994,0.470313406220014
PZA03520.1,1,10067544,276,0.146019324573189,0.259770373596493,0.0379314944966849
PZA03520.2,1,10067604,276,-0.321417334805962,0.366765484946763,-0.117884784670405
PZA03520.3,1,10067746,276,0.240866615156463,0.640216319791875,0.154206737916197
PZA03520.4,1,10067852,276,-0.725632004795191,0.522618836514725,-0.37922895408391
PZA03521.1,1,10068726,276,0.819267155654685,0.305314952803185,0.250134512961909
PZA00106.9,1,10069039,276,-0.868773146308946,0.357868547903718,-0.310906584327327
PZA00106.10,1,10069145,276,0.489444195988475,0.306567677849089,0.150047770600901
PZA03551.1,1,12208400,276,-1.12240586240233,0.234110719990458,-0.262767244568519
PZA03551.2,1,12208569,276,1.16266096979415,0.27329418259947,0.317748479380199
PZA03552.1,1,12209727,276,-0.973414538848708,0.332943195924976,-0.324091747524125
PZA03552.2,1,12209786,276,-0.0196717536891176,0.748786130612683,-0.0147299363272402
PZA03557.1,1,12906197,276,1.06289473662114,0.281308197860958,0.299001002874789
PZA03558.3,1,12907213,276,0.0165601229396249,0.268695551413157,0.0044496313647322
PZA03663.1,1,14463283,276,-0.0816969055147589,0.227033762527619,-0.0185479558458791
PZA03663.2,1,14463522,276,-0.821469131947788,0.280903048517522,-0.230753183427176
PZA03662.2,1,14464249,276,-1.69586591041792,0.414030521448149,-0.702140247196471
PZA01497.1,1,14578834,276,0.338843527845038,0.245051543807514,0.0830341296076109
PZA01652.1,1,14898863,276,1.71598470369187,0.27170061180102,0.466234093834272
PZA02393.2,1,16530875,276,0.128629542100582,0.240592728658172,0.0309473325200302
PZB00648.4,1,17595070,276,-0.785655026842097,0.478816587905272,-0.376184659223157
PZB00648.5,1,17595139,276,-0.949518345564756,0.252865428057791,-0.240100362899958
PZB00648.3,1,17595165,276,-0.848507983761393,0.7688475061618,-0.652373247273324
PZB00718.1,1,17601375,276,-1.21203044361759,0.267419352899147,-0.32412039692628
PZB00718.2,1,17601417,276,0.243214710857364,0.286902754718065,0.0697789705329354
PZB00718.6,1,17601517,276,0.473172789315262,0.279037057014395,0.132032742589823
PZB00718.3,1,17601571,276,1.67551014000633,0.276019843865415,0.462474047239466
PZB00718.5,1,17601655,276,0.401452115641671,0.690900404345618,0.277363429022234
PZA01030.1,1,17680592,276,0.523723936343061,0.51547165285514,0.269964843106558
PZD00035.4,1,17900705,NA,NA,NA,NA
PZA00358.12,1,18908016,276,1.13185687243531,0.264827083147828,0.299746354067866
PZA00425.9,1,21457466,276,-0.443322292876351,0.793777117437333,-0.351899091735099
PZA00425.11,1,21457474,276,-0.114274884604667,0.220241186806302,-0.0251680362074851
PZA00425.4,1,21457569,276,-0.243327273102469,0.227234286662734,-0.0552922993290278
PHM13619.5,1,22281738,276,-0.249831953444977,0.237402887022887,-0.059310827018405
PZA02487.1,1,22601426,276,-0.443150990849514,0.247970757142138,-0.109888486729243
PHM4531.46,1,22918337,276,-0.130819752274856,0.288191101316302,-0.0377010884820165
PZD00096.1,1,23266657,276,-1.04719113291083,0.298511677849361,-0.312598782114187
PZD00097.2,1,23266988,276,1.03306855870736,0.620449096322073,0.640966453688731
PZD00097.1,1,23267335,276,-0.360429751567235,0.24070327971261,-0.0867566233082345
PZD00098.2,1,23267835,276,0.188045869837739,0.378175052142802,0.0711142566311254
PZD00098.1,1,23267898,276,-0.536921310430084,0.273878029999588,-0.147050950765388
PZA02921.4,1,25035053,276,1.06348825214309,0.261795334197199,0.278416262384596
PZA02921.9,1,25035236,276,0.974960644933681,0.322266507815113,0.314197162299948
PZB01957.2,1,26283149,276,-0.826128228711115,0.395939804413727,-0.327097049296538
PZB01957.3,1,26283224,276,-0.496896886835165,0.375349361369781,-0.186509929140211
PZB01957.1,1,26283293,276,0.633981501772548,0.655218606634968,0.415396476223753
PZA03004.10,1,26449707,276,1.14351639637912,0.296637606308476,0.339209966596397
PZA03004.2,1,26449858,276,-0.537284025692244,0.559818255512227,-0.300781405977618
PZB02515.2,1,28084996,276,2.44706227452519,0.338636977103577,0.828665771429413
PZB02515.3,1,28085057,276,-0.611504609796406,0.27523591493811,-0.168308030766186
PZB02515.1,1,28085224,276,-0.271216625870322,0.242439504949599,-0.0657536245101015
PZB02058.2,1,28526476,276,1.36941101654029,0.23677703438007,0.324245079343807
PZB02058.3,1,28526850,276,1.04166532739968,0.237871762026553,0.247782766870528
PZA00654.12,1,32583282,276,0.0436249230173617,0.432815739324736,0.0188815533087441
PZA00654.10,1,32583345,276,0.165460480886797,0.544031855843376,0.0900157724855815
PZA02490.1,1,32627736,276,0.457505316390238,0.245203236365691,0.112181784233396
PZA02806.4,1,34326335,276,-0.905158905369091,0.265856212164353,-0.240642117988259
PZA01455.1,1,34388212,276,-1.3845722494384,0.276874716053442,-0.383353048418731
PZB01662.3,1,34478962,NA,NA,NA,NA
PZB01662.2,1,34479054,276,-1.69690289536923,0.397816100438603,-0.675055292658762
PZB01662.1,1,34479214,276,-0.130983448532705,0.26972076676345,-0.0353289561715621
PZA02686.1,1,34724095,276,-0.176526366944713,0.4393821089312,-0.0775625273901307
PZA00017.1,1,35620725,276,-0.920295709907691,0.259114478367002,-0.238461942816121
PZA00017.4,1,35620809,276,0.387903686108355,0.28773960014767,0.111615251536625
PZA00192.7,1,35621803,276,-0.282534792410354,0.286675408799443,-0.0809957771143038
PZA00192.6,1,35621919,276,0.0202853684666566,0.291032865502969,0.00590370891263464
PZA03345.2,1,36548480,276,-0.996633119599431,0.505482620866918,-0.503780721337893
PZA03345.1,1,36548526,276,-0.576434610144159,0.243060368428795,-0.140108408716748
PZA03345.3,1,36548537,276,0.846441044621679,0.393931340278346,0.333439655174422
PZA03345.5,1,36548621,276,0.605386015697962,0.383878688727218,0.232394789879928
PZA02271.1,1,38607726,276,-0.0887376808280103,0.582576492655711,-0.0516964868631842
PZB01440.2,1,40506950,NA,NA,NA,NA
PZA00240.6,1,41231748,276,-1.86469843035854,0.234101766129628,-0.43652919584608
PZA00240.4,1,41231931,276,-2.53444667346617,0.234760006400866,-0.594986717285573
PHM3726.129,1,41390404,276,-0.446325587098238,0.255336995147908,-0.11396343426729
PZA00274.7,1,41505016,276,-1.70718117713846,0.276125592588218,-0.471396414192807
PZA00274.14,1,41505211,276,0.244026696890702,0.244396145126159,0.0596391840279573
PZA02376.1,1,44506999,276,-1.05923304489926,0.333223862403033,-0.352961726406257
PZA03243.7,1,44531771,276,-0.647930861293931,0.428808655499136,-0.277838361487848
PZA03243.3,1,44531888,276,-0.574152664425567,0.254238090172811,-0.145971476871187
PZA03243.6,1,44532145,276,-1.56931190776097,0.632283691699594,-0.992250326467241
PZA03243.4,1,44532279,276,-0.0586845801619401,0.262285224651633,-0.0153920982913612
PZA03243.2,1,44532330,276,0.374293429222944,0.283084453778208,0.105956650964349
PZA03742.2,1,44535266,276,-0.50780349313872,0.282573500250216,-0.143491810495495
PZA03742.1,1,44535423,276,-0.35852602267968,0.2808913354395,-0.100706853300308
PZB00033.1,1,44691505,276,-1.19065677638671,0.461558163543717,-0.54955735511993
PZB02517.1,1,45278871,276,0.447496099774654,0.266529170582949,0.119270764312043
PZA00081.17,1,45675053,276,2.04147945229517,1.04047710978118,2.12411264020174
PZA00081.18,1,45675182,276,0.355855689041471,0.427110817921265,0.151989814408438
PZA03183.3,1,46064887,276,-2.37578585273838,0.249768271689531,-0.593395926342901
PZA03183.4,1,46064981,276,-3.03839957247756,0.283633685351308,-0.861792468311649
PZA03183.2,1,46065083,276,2.80575766188802,0.308236897694855,0.864838037383934
PZA03183.5,1,46065084,276,-2.38235368276047,0.37223658026323,-0.88679918784827
PZB00872.1,1,46255037,276,-1.74381671701112,0.287138872982,-0.500717566809743
PZB00872.3,1,46255059,276,-1.52163763287924,0.39962673790876,-0.608087083506737
PZD00010.3,1,46810807,276,-0.35679008420923,0.376630393772701,-0.134377989909918
ts2.3,1,46810810,276,0.666077208358947,0.650199378034807,0.433082986598148
ts2.4,1,46810918,276,1.11400284347034,0.251018257567432,0.279635052693089
PZA03100.4,1,47280990,276,0.140809081990458,0.282627090391464,0.0397964611436563
PZA03673.2,1,49531663,276,-1.07101439248135,0.287094937829197,-0.307482810423608
PZA03673.1,1,49531723,276,0.423313215501737,0.271693662099856,0.115011517734932
PZA03672.1,1,49533656,276,-0.330541341727041,0.323033951114174,-0.106776075624667
PZB02095.3,1,50136980,276,0.28668642229046,0.59851907949603,0.171587293573297
PZB02095.2,1,50137048,276,-0.555446864333073,0.739233625196262,-0.410604999124834
PHM4913.18,1,50197162,276,1.07082825733808,0.250897634744168,0.268668276983343
PZA00468.7,1,50197644,276,1.83966153929901,1.01027860443211,1.85857069255044
PZA03168.1,1,51514610,276,0.166830339561463,0.235669988809829,0.0393169042575899
PZA03168.5,1,51514741,276,0.248395386498064,0.480382686633708,0.119324843113358
PZA03168.2,1,51514784,276,0.754714037358859,0.240887917772344,0.181801492972935
PZA00617.16,1,53357515,276,0.430723682078764,0.292476184603628,0.125976419152823
PZA00617.5,1,53357638,276,0.157809243711221,0.259860293401252,0.0410083563722276
PZA03746.2,1,53430906,NA,NA,NA,NA
PZA03746.5,1,53431019,276,0.0125974471527345,0.622936713186545,0.00784741232386565
PZA03746.1,1,53431113,276,-0.601922208781322,0.241185350826552,-0.145174819095216
PZA03746.4,1,53431210,276,-0.258071527280668,0.599634596855384,-0.154748616220797
PZA02737.1,1,54049220,276,2.53248024620681,0.242890122650622,0.61511443761145
PZA02550.1,1,55173916,276,-0.228480682467348,0.444938866407635,-0.101659935853065
PZA02114.1,1,56175806,276,-0.9437210384521,0.599212436112847,-0.565489382461829
PZB01062.2,1,56846640,276,1.37457537263159,0.274214446776536,0.376928425358822
PZB01062.3,1,56846728,276,0.0491562456031506,0.23173812809992,0.011391376340494
PZB01062.1,1,56846992,276,1.63917874642922,0.368830211512322,0.604578643751992
PZB01273.3,1,56885616,NA,NA,NA,NA
PZB01273.2,1,56885823,276,0.430321889968287,0.262153325495801,0.112810314488825
PZB01273.1,1,56885950,NA,NA,NA,NA
PZB01273.4,1,56886064,NA,NA,NA,NA
PZA00328.1,1,59647300,276,-0.321034353883966,0.334798836494105,-0.107481928154989
PZA03561.1,1,60212051,276,-0.192621848303709,0.222983658810192,-0.0429515245015428
PZA03561.4,1,60212209,276,2.68172263950045,0.561530397176991,1.50586877887722
PZA03561.2,1,60212360,276,2.31109326310207,0.282896017443932,0.653799080073077
PZA00378.9,1,63030387,276,0.715936194944156,0.322402589345495,0.230819683056157
PZA00294.20,1,63913289,276,-1.49764679414463,0.340073257211725,-0.509309623437461
PZA00294.22,1,63913517,276,-0.548226580145044,0.233855371595888,-0.128205730618562
PZA00294.4,1,63913569,276,-0.508452109701725,0.272423292613229,-0.138514197861086
PZA03189.2,1,64260629,276,0.7146705671933,0.245403441797488,0.175382616940599
PZA03189.3,1,64260661,276,-1.49511746104233,0.329841984385627,-0.493152510239801
PZA03189.4,1,64261105,276,-0.901349234221448,0.234236189721036,-0.211128610232006
PZA03189.1,1,64261162,276,0.668127706456855,0.245552579745113,0.164060481919666
PZA00263.13,1,65108131,276,-1.26362944702478,0.261037716772882,-0.329854945698328
PHM5098.25,1,65825628,276,-1.18635167485437,0.354052900007036,-0.420031250910393
PZA02791.3,1,68322855,276,-1.84333129355364,0.256110762987329,-0.472096984030444
PZA02791.6,1,68322875,276,-1.15439866220827,0.245857045403428,-0.283817044308196
PZA00714.1,1,74579886,276,-1.45562485511331,0.254468814957449,-0.370411131903293
PZA00714.6,1,74580051,276,0.541379130558564,0.338177305863311,0.183082135822917
PZA01267.3,1,76054042,276,-1.28522492692445,0.234888814118215,-0.301884958960455
PZA00752.1,1,80803012,276,-1.49531556939302,0.469977243532507,-0.702764289514574
PZA01135.1,1,82563962,276,0.703767030405813,0.335309339994084,0.23597965847497
PZA00119.4,1,83595286,276,-1.14565410293543,0.297867742169224,-0.341253400948286
PZA00119.1,1,83595353,276,1.25052153034747,0.231984969309977,0.290102198839123
PZA00593.1,1,87910951,NA,NA,NA,NA
PZA00593.2,1,87911166,276,0.386980698669334,1.36189034370387,0.527025276717545
PZB01235.1,1,88380734,276,-2.91504264229935,0.230198785292627,-0.67103927533352
PZB01235.2,1,88380741,276,0.453757560678891,0.433975101149461,0.196919483292954
PZB01235.3,1,88380847,276,-0.788646695776237,0.626544703945245,-0.494122410522518
PZB01235.4,1,88380865,276,1.16447040603777,0.351535837535694,0.409353079472018
PZA00692.4,1,88863332,NA,NA,NA,NA
PZA03240.1,1,90772226,276,-0.433218400655951,0.251495797902608,-0.10895260733906
PZA03240.2,1,90772275,276,1.06136746085358,0.240525782794619,0.255286239354544
PZA03240.4,1,90772459,276,0.520743211415867,0.385155837823628,0.200567287883845
PZA03240.5,1,90772644,276,-0.623167710288065,0.539784649230984,-0.336376363909919
PZA03465.1,1,91279352,276,-0.680669089241624,0.423902302032203,-0.288537193851687
PZA03407.2,1,91391968,276,-0.809969338859929,0.233367551495896,-0.189020561396492
PZA03407.5,1,91392329,276,1.33288315979576,0.512541625317773,0.683158101080406
PZA03407.3,1,91392495,276,-0.321118027837499,0.266854342928186,-0.0856917403209707
PZA03407.4,1,91392609,276,1.05253921066997,0.504385061407081,0.530885054407132
PZA00944.1,1,91429024,276,-0.560030903120824,0.261029080925835,-0.146184351931694
PZA00944.2,1,91429158,276,-0.464557099041123,0.384106058141311,-0.178439196094248
PZA00705.1,1,95897136,NA,NA,NA,NA
PZA00705.5,1,95897171,NA,NA,NA,NA
PHM9418.11,1,96545939,276,2.45056100137114,0.266345772936397,0.652696564037986
PZA02763.1,1,101421538,276,-1.8285462616538,0.237624072608833,-0.434506609647834
PZA03014.21,1,102663629,276,-1.06102854931278,0.791650544406609,-0.839963828694415
PZA03014.10,1,102663772,NA,NA,NA,NA
PZA03014.9,1,102663802,276,1.77797570660393,0.666036936944649,1.18419749358848
PZA00301.3,1,104998371,NA,NA,NA,NA
PZA00939.1,1,106026234,276,-2.08990617804504,0.239570207800298,-0.500679257357378
PZA01254.2,1,106204446,276,-0.126244232014717,0.259073470753293,-0.0327065313506367
PZA02070.1,1,114236990,276,-0.150264279662563,0.4343595109239,-0.065268719023563
PZA00205.7,1,118507445,276,0.491418479907156,0.304796073947254,0.149782423340828
PZA00010.5,1,119703101,276,0.470435751761582,0.244760826835853,0.115144243574311
PZA03086.6,1,123936196,276,-0.96972438675977,0.49602400125936,-0.48100657043936
PZB01067.2,1,123936959,276,-2.1043199297029,0.347924434356983,-0.732144321248007
PZB01067.1,1,123937824,276,-1.02630715170166,0.512358827543162,-0.525837528945022
PZA03394.1,1,137862451,276,0.271826522968077,0.314089951208649,0.0853779793362599
PZA02577.1,1,148524993,276,3.03154313369237,0.244688112346785,0.741782566881043
PZA03200.2,1,148694799,276,-0.614229186355003,0.23499777564977,-0.144342492532594
PZA03200.3,1,148694900,276,0.072811474711355,0.403032224845826,0.029345370647223
PZA03200.1,1,148694930,276,0.135447939522639,0.226620811547055,0.0306953219769968
PZA03028.5,1,150749370,276,-1.71039768050122,0.392358907297255,-0.67108976496522
PZA02741.1,1,161072169,276,-1.1910911669149,0.246354315600403,-0.293430449243005
PZA00098.14,1,161472433,276,1.105600034677,0.495651211265123,0.547991996362415
PZA00098.12,1,161472477,NA,NA,NA,NA
PZA00660.20,1,170342897,276,0.633917536707847,0.545209811135901,0.345618060464221
PZA02963.4,1,173860693,276,-1.15684835532339,0.744467239946488,-0.861235702124235
PZA02963.5,1,173860756,276,-0.981992720051237,0.433247958991911,-0.425446341707113
PZB00963.3,1,173861482,276,-1.51326728713016,1.27452662243067,-1.92869944430083
PZB00963.2,1,173861543,276,1.50872398157649,0.527984857758387,0.796583416809332
PZB00963.1,1,173861608,276,0.330689528342759,1.46849185687117,0.485614879523908
PZB00801.1,1,174183331,276,-1.15150011747622,0.255079381597216,-0.293723937874955
PZA03581.1,1,175157930,276,-2.09116855270291,0.225807766618584,-0.472202100508861
PZA03581.2,1,175158066,276,2.01480749352348,0.329633628514583,0.664148304848519
PZA03580.2,1,175158899,276,-1.36346856990005,0.230070228058714,-0.313693524827793
PZA03580.4,1,175158988,276,-1.80665045045133,0.325432406217003,-0.587942603283407
PZA03580.5,1,175159119,276,0.0666312249476872,1.09523652336466,0.0729769511592334
an1.5,1,175504926,276,0.291446611436752,0.275046466335903,0.0801613606012515
PZA03540.1,1,177870650,276,-0.0870273143984123,0.704666353045567,-0.0613252202524791
PZA00455.4,1,179852076,276,-0.541805138676337,0.317992639330018,-0.172290046050255
PZA00484.5,1,180171012,276,0.373065598425791,0.299457454900268,0.111717274615433
PZA00484.6,1,180171048,276,0.226267819164206,0.510649943827827,0.115543649146247
PZA02191.1,1,182386577,276,-0.367385036335456,0.314025566981702,-0.115368294335835
PZA03112.1,1,182391102,276,-1.43018942991989,0.375238342877037,-0.536661911683392
PHM1968.22,1,183647544,276,-0.111821372091597,0.278744174184177,-0.0311695560198137
PZA00068.1,1,183831590,276,-0.0205536192910034,0.27340752692724,-0.00561951421975726
PZA03531.1,1,184088942,276,0.920296057197124,1.10464910449851,1.01660421545631
PZB00149.1,1,188047564,276,-1.00190065215793,0.261491020717358,-0.261988024190163
PZB00149.2,1,188047739,276,0.148210516229758,0.270243887397186,0.0400529860590736
PZA00544.14,1,188047772,NA,NA,NA,NA
PZB00454.2,1,188047850,276,0.759030921341209,0.353101374662216,0.268014861736709
PZB00454.6,1,188048080,276,1.1616127150049,1.14046820768763,1.3247823711088
PZA00650.8,1,189467910,276,-0.417068415034492,0.547040143194255,-0.228153165482269
PZD00053.5,1,193887303,276,1.42368216338755,0.308915494736113,0.439797479849846
PZD00053.4,1,193887369,276,0.486161551432812,0.23024110296922,0.111934371823118
PZA00619.3,1,195425179,276,1.06586309889419,0.367482463634679,0.391685997478932
PZA03427.1,1,195589422,276,-0.513097887884086,0.271387435925886,-0.13924832017185
PZA03427.2,1,195589541,276,-1.07352733024925,0.2805290915061,-0.301155646661792
PZA02467.10,1,196927608,276,0.883458927069819,0.274848768120314,0.242817597790034
PZA00435.4,1,199755501,276,-0.855397320931352,0.239755675227723,-0.205086362267882
PZA00435.5,1,199755531,276,1.08570634487627,0.232483571243052,0.252408888378077
PZA03074.24,1,201295597,276,-0.351436169619035,0.310419330902505,-0.10909258062808
PZA03074.27,1,201295773,276,0.818558311478457,0.312589238643526,0.255872519370381
PZA03685.1,1,201677505,276,1.73033812788491,0.554685207535761,0.959792963572882
PZA03686.1,1,201677675,276,-2.53043919946163,0.314490916364948,-0.795800142644473
PZA03686.2,1,201677764,NA,NA,NA,NA
PZB00400.1,1,202132005,276,0.214503559904509,0.236506617416755,0.0507315113768678
PZB00393.2,1,202135195,276,0.595008718674614,0.234700677053409,0.139648949125613
PZB01156.3,1,202381257,276,-1.17593523547265,0.314936449932688,-0.370344868410516
PZB01077.7,1,202619562,276,-0.466258093558562,0.347266637575983,-0.16191588039267
PZB01077.1,1,202619843,276,-1.66081709456909,0.249597182012426,-0.414535266642511
PZB01077.3,1,202619995,276,0.642381891079425,0.277996210230058,0.178579731240498
PZB01077.2,1,202620610,276,-0.817340992202218,0.379708435615411,-0.310351269513452
PZA01216.1,1,203035464,276,-1.24035168387633,0.245758401848916,-0.304826847560058
PZA00131.14,1,203385274,276,-0.629681835455247,0.294630964076813,-0.185523766241837
PZA00131.15,1,203385307,276,1.56257358464863,0.740134886406495,1.15651522257571
PZB00991.1,1,203879850,276,-2.01559265690614,0.307932653599862,-0.620666795417503
PZA01391.1,1,204199305,276,-0.889889406479399,0.393329631001775,-0.35001987188293
PHM5480.17,1,204199508,276,-2.24939345104971,0.26724933377172,-0.601148901183505
PZB00728.1,1,206168095,276,-2.68137795732084,0.238910857631112,-0.640610307416683
PZB00728.2,1,206168158,276,-2.04577427057981,0.267537559482424,-0.547321455602858
PZA03218.1,1,206590338,276,1.37349740068884,0.239929140308321,0.329542050562986
PZA03218.2,1,206590497,276,2.09578493502307,0.383887893170956,0.804546463245434
PZA01019.1,1,208143724,276,1.5331366470507,0.221522930125489,0.33962492233744
PZA03194.2,1,212244300,276,0.608507103718043,0.245290924218233,0.149261269864359
PZA03194.1,1,212244425,276,-2.36883477405256,0.253667259908232,-0.600895826309249
PZA03193.3,1,212307127,276,-0.791399670159244,0.431251545099077,-0.341292330547074
PZA03193.1,1,212307274,276,-0.561008772424127,0.225168260542824,-0.126321369436006
PZA03193.2,1,212307461,276,0.115362688761292,0.827141489994796,0.0954212662718206
PZA02014.3,1,212557676,276,-1.66124441545074,0.260007226115924,-0.431935552361915
PZA03276.2,1,213323483,276,-1.58120503138532,0.301348002104585,-0.476492977125685
PZA03276.4,1,213323513,276,0.125595643254023,0.387713564170604,0.0486951344903167
PZA03276.3,1,213323599,276,-0.0756716818268206,0.259571578785534,-0.0196422179211444
PZA03276.1,1,213323899,276,-0.190388755736231,0.23754006672671,-0.0452249577415994
PZA03265.3,1,214745681,276,1.43355256274275,0.278989473541034,0.399946074772999
PZA03265.4,1,214745789,276,-1.3633646635716,0.356599068643634,-0.486174569251274
PZA03265.2,1,214746095,276,1.65777265959596,0.318348909877562,0.527750119007201
PZA00289.11,1,215472483,276,-1.20103160435629,0.311226749869235,-0.373793162714041
PHM6043.19,1,216927159,276,-0.171354808006117,0.42525984029441,-0.0728703182863608
PZB02171.1,1,216988578,276,0.268866374053236,0.245523959671822,0.0660131367801557
PZB02171.2,1,216988754,NA,NA,NA,NA
PZA03545.1,1,216989434,276,0.168554555383876,0.892848185629121,0.150493628954017
PZA03741.1,1,216989646,276,0.402080211677634,0.236104573855957,0.0949329770340607
PZA00369.11,1,219201415,276,-1.5451138343754,0.749722000556505,-1.15840583499546
PZA00369.1,1,219201506,276,-0.0108632782683097,0.322279312966826,-0.00350100985687829
PZA03632.3,1,219400051,276,-0.178885783742469,0.346115821810754,-0.0619152000502856
PZA03632.1,1,219400178,276,-1.49093976315756,0.221698788330334,-0.330539538965548
PZA03632.2,1,219400314,276,-1.35431797346976,0.316148885298463,-0.428166117652138
PZA03631.1,1,219400450,276,-0.381869071674088,0.417569343923407,-0.159456817723589
PZA03631.2,1,219400526,276,0.992140368511992,0.874508613633322,0.867635298197076
PZA03630.1,1,219401036,276,-1.30783940332364,0.241037050571525,-0.315237752398354
PZA03630.2,1,219401367,276,-0.192435499085542,0.393057853979212,-0.0756382842999819
PZA03443.1,1,222014810,276,-0.946187081612225,0.27017700829702,-0.255637994999279
PHM15871.11,1,222427156,276,2.05289158445237,0.353102672484497,0.724881504791064
PZA02117.1,1,223466480,276,0.272132800870749,0.230302871285173,0.0626729654114098
PZA00403.5,1,223466873,276,-0.845025825049223,0.243755318185037,-0.205979538859446
PZB01979.2,1,224421551,276,0.76006691254432,0.24253927993814,0.184346081673304
PZB01979.3,1,224421962,276,0.0163370447020261,0.27546347993728,0.004500259185511
PZA00658.21,1,224518409,276,-1.96786875742555,0.313883697944829,-0.617681922650826
PZA00658.19,1,224518576,276,1.04516376580579,0.270241487267697,0.282446610509664
PHM2478.22,1,226781494,276,0.246686522213159,0.384590102682461,0.0948731949083382
PZA00664.3,1,227542648,276,1.90392781702577,0.22907162583056,0.436135840510124
umc128.2,1,227602208,276,-2.36563982136431,0.234788779651074,-0.55542568675211
PZA03001.18,1,231037244,276,1.08989146650069,0.502260194047026,0.547409099454835
PZA03001.15,1,231037305,276,1.74950535305251,0.260911305969491,0.456465726465547
PZA03001.9,1,231037458,276,-1.75953186372512,0.259303491464264,-0.456252755606546
PZB01647.2,1,231039050,276,0.647409424483233,0.659438288326857,0.426926562727899
PZB01647.1,1,231039372,276,1.82373404634045,0.259854688157432,0.473905841893889
PZB00116.3,1,233400962,NA,NA,NA,NA
PZB00011.1,1,233401031,276,-0.35002149669367,0.222000815420221,-0.0777050576806008
PZB00116.1,1,233401072,276,-0.809354569787217,0.229961156360796,-0.186120112774163
PZB00011.6,1,233401162,276,0.0877878783476278,0.355711100305644,0.0312271228005327
PZB00116.2,1,233401241,276,-0.459424142160772,0.22074477938517,-0.101415480905501
PZA00381.3,1,237639087,276,-0.633674825854617,0.276174595685143,-0.175004888826252
id1.9,1,238901790,276,1.08515849856503,0.648558977798892,0.703789286579116
id1.8,1,238901929,NA,NA,NA,NA
id1.6,1,238902012,276,-1.1327278357653,0.281630282794361,-0.319010460715626
id1.3,1,238902078,276,-0.68784291509478,0.277985315140763,-0.191210229519964
id1.2,1,238902091,276,-0.676796407801807,0.280627506755194,-0.189927688502292
PZB02144.4,1,238902135,276,-0.894809741958593,0.282083293876057,-0.252410879404065
PZB02144.5,1,238902252,276,-0.879340734317412,0.327703828997973,-0.288163325629705
an1.4,1,240498509,276,3.19401002042339,0.410441680680519,1.31095484089299
PZB00148.3,1,240498948,276,1.7414813020055,0.274298600094512,0.477685883230876
PZB00425.1,1,240499513,276,-2.57183213263607,0.295805200662799,-0.760761320065447
PZB00237.2,1,240501065,276,-1.23916908652703,0.455339628253463,-0.564242791202399
PZB00237.1,1,240501138,276,2.57794559785574,0.292599667013555,0.754306023511651
PZA03301.2,1,240574247,276,1.43957302973042,0.247083048275186,0.355694092400536
PZA03301.5,1,240574310,276,0.154583120723693,0.357602226755421,0.0552792681895947
PZA03301.3,1,240574367,276,-0.321886278984292,0.316218732290404,-0.101786471082088
PZA03666.3,1,241424828,276,-0.721595906111991,0.240805487635784,-0.173764254047283
PZA03665.2,1,241430615,276,-0.806705175050085,0.241691185305595,-0.194973529950013
PZA03664.1,1,241432880,276,0.800832285724493,0.226921836779919,0.181726333229263
PZA03214.3,1,245136244,276,1.07781031935116,0.306138900331276,0.329959665931864
PZA03214.2,1,245136273,276,2.24566236710099,0.277699896535025,0.623620206996543
PZA03214.1,1,245136387,276,-1.66929522708547,0.233821270486796,-0.39031673081467
PZA00137.2,1,247821390,276,-0.120366724901463,0.255127111562641,-0.0307088148523652
PZA03064.6,1,248503298,276,-0.861086400691827,0.231731305266102,-0.199540675579207
PZA03404.1,1,249259485,276,0.100897396079319,0.22428039688025,0.0226293080368535
PHM16605.19,1,251142538,276,-0.33654690512218,0.313364348773713,-0.10546180175542
PZA00411.1,1,251196990,276,0.954673387838042,0.661143893032865,0.631176480210118
PZA02269.4,1,252721946,276,-0.731750109592353,0.261300711082302,-0.191206823971035
PZA02269.3,1,252722026,276,-0.79824262122581,0.242137048858058,-0.193284112576338
PZA00318.2,1,255148812,276,-0.596818402023974,0.305033756644299,-0.18204975920382
PZA00318.5,1,255148947,276,0.291511336713452,0.342904253366879,0.0999604772637068
PZA03387.1,1,255487200,276,0.133964748779563,0.234488404397701,0.0314131801868586
PHM14475.7,1,256245118,276,-0.777157564684975,0.224108339882738,-0.174167491648862
PZA03434.1,1,257050459,NA,NA,NA,NA
PZA01588.1,1,258495441,276,-0.115053417894789,0.231556541446477,-0.0266413715293137
PZA00339.3,1,260297200,276,0.157347162307101,0.245304680284633,0.0385979953434378
PZA00094.2,1,260688178,276,0.223787888475448,0.276987882902281,0.0619865334479861
PZB02476.1,1,261275414,276,-0.929926056663431,0.376224341648303,-0.349860818449802
PZB02476.2,1,261275857,276,1.11876326555034,1.47069532829226,1.64535990810988
PZA01921.19,1,261313982,276,2.0136795335142,0.267529475090706,0.53871862860195
PZA00709.19,1,261859081,276,0.433542269284357,0.223224711396736,0.0967773479392866
PZA02985.5,1,262339533,276,-0.827267473202591,0.246216580216366,-0.203686968176176
PZA03457.1,1,262715518,276,-0.64072867240505,0.318740976999281,-0.204226483033838
PZA00013.8,1,263276112,276,-0.227891804536934,0.237031336540473,-0.0540174990160095
PZA00013.9,1,263276335,276,-0.201820746939382,0.241312383392837,-0.0487018454620648
PZA03392.2,1,263337129,276,-1.23746450374508,0.374781938676714,-0.463779345757199
PZA03392.1,1,263337243,276,2.01403319822639,0.273258167359345,0.550351020748225
PZA00356.8,1,263637986,276,1.24616494185741,0.563136500892153,0.701760964892056
tb1.1,1,264847299,NA,NA,NA,NA
tb1.3,1,264847349,NA,NA,NA,NA
tb1.20,1,264847406,276,0.758816211163404,0.365368395349173,0.277247461437712
tb1.19,1,264847429,276,-0.786527777955448,0.338763565668736,-0.266446954557696
tb1.18,1,264847469,276,0.5762112938605,0.350324004543752,0.201860647928547
tb1.17,1,264847517,276,-0.515968496324526,1.2734128779833,-0.65704092785333
tb1.15,1,264847721,276,-1.77444226702278,0.228062229256346,-0.404683259103898
tb1.14,1,264847950,276,1.542855398488,0.352747630396568,0.544238585861196
tb1.13,1,264847982,276,0.755750119162128,0.329613547660535,0.249105477921901
tb1.12,1,264847985,276,-0.973344717017921,0.400649833224337,-0.389970398543019
tb1.11,1,264848126,276,-0.410890579639935,0.670174537943355,-0.27536840435547
tb1.8,1,264848659,276,-2.96780177285546,0.781581603768013,-2.31957926929392
tb1.5,1,264849536,276,0.493823733172558,0.585380469887305,0.289074768966056
PZD00083.4,1,264855731,276,-1.36419704686366,0.394335149574561,-0.537950846524155
PZD00083.3,1,264856041,276,1.04365508060545,0.375586080580397,0.391982321202421
PZD00083.2,1,264856106,276,-1.34899256248575,0.404557157083872,-0.545744596006525
d8.1,1,265199563,276,-1.07072817817967,0.280466346582224,-0.300303220316694
d8.2,1,265199818,276,-1.66684882944381,0.352063357261425,-0.586836394941265
d8.3,1,265199938,276,-1.76477183420488,0.401937331585058,-0.709327681896776
PZB00226.1,1,265201499,276,0.410671274790428,0.328756902099567,0.135011016081381
PZB01725.2,1,266953775,276,-1.62835885511384,0.257311119859497,-0.418994840542469
PZB01725.1,1,266954041,276,-0.827931420174048,0.22164384028578,-0.183505899460636
PZB01728.5,1,266955761,276,0.361829720474893,0.768658223809598,0.278123390261754
PZB01728.6,1,266955990,276,0.977120517713243,0.285450456790705,0.278919498120815
PZB01728.7,1,266956231,276,0.480480427478731,0.279397630133962,0.13424509276331
PZA02812.43,1,267615478,276,-0.30933888843798,0.253919591890524,-0.0785472043080404
PZA02812.34,1,267615649,276,-0.276874894120039,0.256788860404303,-0.0710983885356469
PZA00364.2,1,268082543,276,-1.71142093070944,0.271186571517256,-0.464114374621964
PZA00364.5,1,268082607,276,-1.90192611078731,0.302762548480459,-0.575831996323495
PZB00083.1,1,268369569,276,1.65842090052135,0.248488166336162,0.412097968584117
PZB00083.3,1,268369718,276,-0.360103867500764,0.306183050603703,-0.110257700685576
PZB00895.4,1,268369850,276,-1.31139046896557,0.504500106986513,-0.661596631894224
PZB00895.3,1,268369942,276,2.05265798435599,0.353546668759753,0.725710392472169
PZB00895.1,1,268370364,276,0.874024949555223,0.289678317599237,0.253186076926915
PZB00895.2,1,268370415,276,-1.30625498110745,0.237036925459835,-0.309630664588306
PZB00008.1,1,268371949,276,-0.0783420258300575,0.376255415365514,-0.0294766114692642
PZB00063.1,1,268373103,NA,NA,NA,NA
PZB00063.6,1,268373267,276,-0.27908306854835,0.373349145584235,-0.104195425189553
PZB00063.2,1,268373269,276,1.0232956349782,0.341697833473888,0.349657901475337
PZB00176.5,1,268373293,276,-1.68294934281324,0.433915309530394,-0.730257485010779
PZB00063.3,1,268373339,276,1.13308824775045,0.240730303607966,0.272768677895584
PZB00063.4,1,268373504,276,-1.1756679463065,0.243483781386738,-0.286256077221887
PZB00063.5,1,268373562,276,1.13612202844923,0.24616901027657,0.279678035296756
PZA02278.1,1,270002291,276,-1.92957883989792,0.341066922233798,-0.658115516131447
PZB01427.4,1,270364551,276,0.50399312251165,0.311373780580694,0.156930243943122
PZB01427.5,1,270364633,276,1.48483897737305,0.487130878872881,0.723310916032445
PZA02698.3,1,272318990,276,-0.0949859015560145,0.327340918494466,-0.0310927722593707
PZA00698.4,1,273531917,276,0.890543052838905,0.380202878320941,0.338587031958069
PZA02520.1,1,275190900,276,1.1912205299327,0.29978731206202,0.35711280074162
PZB00068.1,1,275982031,276,0.210778486007904,0.231471253738282,0.0487891604173064
PZB00184.2,1,275983349,NA,NA,NA,NA
PZB00184.1,1,275983520,NA,NA,NA,NA
PZB00018.4,1,275983631,276,-1.11894933914606,0.235022154727421,-0.26297788471693
PZB00018.3,1,275983798,276,-0.368402917660182,0.406031552388364,-0.149583208561966
PZB00178.2,1,275983912,276,0.00582415934533222,0.245808097593626,0.00143162552875825
PZD00039.4,1,276320129,276,0.506763542680137,0.314908877544945,0.159584338406102
PZD00039.2,1,276320365,276,0.946701174011287,0.258017839341067,0.244265791420044
PZD00039.3,1,276321097,276,-0.188955204759063,0.2943614646624,-0.0556211308284615
PZA01978.23,1,276645374,276,0.259224054402163,0.249936078493778,0.0647894436085343
PZA02204.1,1,278690966,276,0.31757373815135,0.239474414160493,0.0760507848965524
PZA00610.15,1,280215046,276,-1.60019035262161,0.343161868482852,-0.549124311333865
PZA00610.9,1,280215196,276,-1.10970625817163,0.314002388000976,-0.348450415045521
PZA03188.2,1,280719532,276,-1.17010601551937,0.244548468851193,-0.286147634488833
PZA03188.1,1,280719719,276,-0.307072975873683,0.240314366253449,-0.073794047590645
PZA03188.3,1,280719787,276,-0.235812332515418,0.257533264406723,-0.0607295197800591
PZA03188.4,1,280719882,276,-1.78237598463043,0.2975681984002,-0.53037841061826
PZA02957.4,1,281818425,276,0.7908241703243,0.308613742403985,0.244059206787308
PZA03020.8,1,282044048,276,-0.815994546948845,0.259163492861954,-0.21147599694357
PZA00245.16,1,284407357,276,-0.702188973333191,0.257188824582557,-0.180595156686396
PZA00245.14,1,284407382,276,-1.90848715858563,0.61881156451577,-1.18099392446263
PHM18705.23,1,284564734,276,-1.28262798211456,0.251201417754695,-0.322197967559022
PZB01403.2,1,285273545,276,0.497063225267794,0.41305390024442,0.205313903864933
PZB01403.5,1,285273773,276,0.213274983188621,0.640535750229913,0.136610251361995
PZB01403.1,1,285273845,276,-0.235376581890704,0.226734181794988,-0.0533679167086897
PZB01403.3,1,285273907,276,0.57407980993889,0.436577540191438,0.250630351296689
PZB01403.4,1,285274032,276,-0.738498579641883,0.514956830916344,-0.380294888208605
PZB01400.1,1,285364096,276,1.65993508961382,0.308518422634827,0.512120555523855
PZB01400.5,1,285364179,276,2.18421008130652,0.336813178220086,0.7356707393852
PZB01400.3,1,285364244,276,-0.397111815953799,0.614257669610024,-0.243928978642385
PZB01400.4,1,285364382,276,-0.710385554860574,0.622358780266761,-0.442114687442153
PZB01400.2,1,285364454,276,-0.530430773980834,0.560172151609109,-0.297132547940529
PZB01394.1,1,285421542,276,1.00127273097305,0.298409481730475,0.298789276720526
PZB01394.4,1,285421736,276,0.358459144115753,0.261681308163965,0.0938020577555455
PZB01394.2,1,285421905,276,0.24033507271925,0.23053255039572,0.0554050572635094
PZA00894.7,1,285891340,276,-0.814581333356491,0.252995968671362,-0.206085793494135
PZA03037.8,1,285977254,276,3.05604809001465,0.356107931672417,1.08828296442656
PZA03037.3,1,285977341,276,-1.43823432115197,0.363857361334371,-0.523312145074887
PZA03037.2,1,285977386,276,0.577080251797765,0.22424651286364,0.12940823410812
PZB00119.1,1,286269951,276,1.0161863138333,0.238765221346579,0.242629950151772
PZB00119.3,1,286270485,276,0.170092165443757,0.280061027489673,0.0476361866221219
PZB02440.1,1,286271514,276,1.16783892126185,0.318539203032406,0.372002479248975
PZB02513.3,1,286271692,276,-2.00499082145305,0.313367749240385,-0.628299460966371
PZB02513.1,1,286271849,276,-1.90944393943062,0.289452613317364,-0.552693538251195
PZB02513.4,1,286272166,276,0.238530090123729,0.488091426428076,0.116424491934509
PZA03305.3,1,286642520,276,-0.575932610477806,0.273497039511768,-0.157515863923964
PZA03305.1,1,286642578,276,-2.01146803752711,0.249416254906934,-0.501692824785012
PZA03305.4,1,286642691,276,1.89472898644011,1.11152280421878,2.10603447624252
PZA03305.7,1,286642715,276,0.851927355660766,0.272425279800366,0.23208654823547
PZA03305.5,1,286642725,276,-0.84875242729092,0.269815156611946,-0.229006269094269
PZA03305.2,1,286642765,276,-0.944997354862004,0.231848255830709,-0.219095988489389
PZA03076.10,1,287175779,276,-3.05889949485055,0.266842321454195,-0.816243842300985
PZA03111.2,1,287179850,276,2.03239142886961,0.288711969302286,0.586775731822032
PZA02837.5,1,287641039,276,-1.26657261545045,0.234828980539799,-0.297427956065856
PZA02837.6,1,287641051,276,0.674717823204872,0.223405150883071,0.150735437096582
PZB01226.1,1,288439770,276,-0.164445930761741,0.759608834005479,-0.124914581722872
PZB01227.3,1,288441116,276,0.760363428978899,0.320885388319928,0.243989514172166
PZB01227.1,1,288441342,276,-1.05322766049427,0.235543594218732,-0.248081028683406
PZA03556.2,1,290049345,276,1.23527326749367,0.227568636195127,0.281109452811832
PZA03556.3,1,290049468,276,0.931119549504292,0.222030846478904,0.206737261749494
PZA00520.4,1,290199645,276,-0.565068848719789,0.400444371694401,-0.226278640089674
PZA02044.1,1,290807362,276,-1.63379694077564,0.302536492026223,-0.494283195145437
PZB02502.3,1,291031959,NA,NA,NA,NA
PZB02502.5,1,291032046,276,-0.295892050264144,0.416361444092447,-0.123198041343454
PZB02502.2,1,291032289,276,0.00769957820097398,0.451749368613319,0.00347827959087887
PZB02502.1,1,291032576,276,-0.805387409423304,0.233383350025473,-0.187964011679548
PZA00385.1,1,291738801,276,-0.968488365436891,0.261762819502826,-0.253514245192444
PZA00385.3,1,291738809,276,-0.349728217543278,0.309933050725859,-0.108392333388105
PZD00069.3,1,291833188,276,1.52002788819214,0.377564635203997,0.573908775105167
PZD00069.5,1,291833767,276,-0.867186723191264,0.453745827054441,-0.393482356925051
PZD00069.4,1,291834351,276,1.59808973595714,0.29018975980017,0.463749276616518
PZA00307.12,1,291983606,276,1.70009535283351,0.633146988334506,1.07641025252802
PZA00307.14,1,291983663,276,1.55014026740327,0.246593683742211,0.382254798856108
PZA00276.18,1,292092865,276,1.04164598103747,0.313028025546547,0.326064384762656
PZA00991.2,1,292560595,276,-0.265468539942617,0.346171371501229,-0.0918976085623644
PZA00235.6,1,292728854,276,1.70373649815451,0.268276952739766,0.457073235996414
PZA00235.8,1,292728923,276,-2.9567990222065,0.333436644771474,-0.98590514522811
PZA00623.3,1,293632633,276,-1.83204527712247,0.403945072385222,-0.74004566208024
PZA00623.2,1,293632755,276,-2.34069195522655,0.229810718825806,-0.537916100780394
PZA00623.1,1,293632805,276,-1.32759169830067,0.245457793441512,-0.325867728856153
PZA02359.10,1,293907804,276,-0.114145277104926,0.240438147404343,-0.0274448789620637
PHM9807.9,1,294311411,276,-0.0619385802459816,0.322280792632573,-0.0199616147362112
PZA01238.2,1,294333956,276,0.266818421372688,0.250540619905692,0.0668488526929714
PZA01068.1,1,294472124,276,0.116927277099078,0.245308572309954,0.0286832634092653
PZA00343.26,1,294646173,NA,NA,NA,NA
PZA00343.31,1,294646235,276,0.196038691645663,0.246845047640591,0.0483911801786727
PZA00343.11,1,294646407,276,0.448360001777373,0.285823385052163,0.128151773430003
PZA00703.1,1,294674358,276,0.421642114421926,0.25004998602804,0.105431604820036
PZA03018.9,1,294904680,276,1.43899815721049,0.449752007903977,0.647192310575543
PHM1275.22,1,294904743,276,1.30325862035613,0.239387086593777,0.311983284205281
PZA03018.16,1,294904764,276,-2.80606920053895,0.25754681159104,-0.722694175702625
PZA00243.24,1,295770969,276,0.12997468972957,0.245622414395326,0.0319246971016605
PZA00243.1,1,295771060,276,-0.666984636611031,0.232072637614496,-0.154788883866668
PZA00243.25,1,295771335,276,0.551888134659533,0.38226202379905,0.210965875265636
PZA00856.2,1,295785198,276,0.0153208723117591,0.237468919368114,0.00363823099165028
PZA01807.1,1,297315711,276,-0.420124439171415,0.296465672524721,-0.124552474403025
PZA00432.4,1,297570924,276,-1.27408666374158,0.232827367619743,-0.296642244038372
PZA00477.5,1,298082468,276,1.28884080929654,0.252847548173067,0.325880238616021
PHM7616.35,1,298082534,276,1.28952770792611,0.259066658576044,0.334073634433644
PZB01937.1,1,298412935,276,-0.210407679687823,0.249428695256338,-0.0524817130164472
PZA00230.5,1,298412984,276,0.348456150925057,0.331685650307774,0.115577905023321
PZB01937.2,1,298413091,276,-0.768211577852076,0.379375924128755,-0.291440977274041
PZB01937.3,1,298413352,276,-2.10672142753341,0.331771908466054,-0.698950988619088
PZA00506.2,1,299170077,276,-0.218437425992446,0.5183576274822,-0.113228705890763
PZA03310.3,2,736367,NA,NA,NA,NA
PZA03310.2,2,736559,276,0.423739808237959,0.886086456608705,0.375470105205625
PZA00680.1,2,1081781,276,1.08641764071821,0.409660889754014,0.44506281734108
PZA00680.3,2,1081791,276,-0.250843056266162,0.239876966725391,-0.0601714714612536
PZA00732.5,2,1174310,276,0.15695096568911,0.404440705784345,0.0634773593368383
PZA00732.2,2,1174438,276,-0.449855245027482,0.315406580758276,-0.141887304670294
PHM5817.15,2,1220908,276,0.965111059941263,0.236649683802825,0.228393227169709
PZA00365.3,2,1221350,276,0.806319134846131,0.234195996761258,0.188836713492965
PZA00365.2,2,1221385,276,-1.88736642598356,0.236374196180601,-0.446124721840117
PZB02366.2,2,2483775,276,0.987019817276599,0.359700688468566,0.355031707806511
PZA02133.10,2,2483787,276,1.07277103467925,0.248192812435387,0.266254060196263
PHM1511.14,2,2483836,276,-1.08831122124999,0.230510740888829,-0.250867425927962
PZB02366.1,2,2483916,276,0.247463521896031,0.522773597981213,0.129367395710691
PZB02366.3,2,2483998,276,0.0345808150567233,0.892471811638859,0.0308624026616222
PZA00525.16,2,2527199,276,0.645390762931865,0.340111777170692,0.219504999350306
PZA00525.2,2,2527379,276,0.513164169204809,0.237305860180913,0.121776864587171
PZA00525.17,2,2527442,276,0.272162564551899,0.291807530436872,0.0794190858392554
PZA02175.1,2,2793372,276,1.32037809691973,0.241091287091244,0.318331654833465
PZA02681.8,2,2795242,276,0.909848095309743,0.26451002695057,0.240663944211305
PZB02145.4,2,3173134,276,-1.36712038290087,1.14411955476431,-1.56414916379376
PZB02145.2,2,3173329,276,-1.13422273778992,0.226636714112346,-0.257056514364215
PZB02145.1,2,3173529,276,0.216141891326928,0.239779107526264,0.0518263098014095
PZB01233.6,2,3376157,276,-1.50819251430122,0.516624637952974,-0.779169411664252
PZA00172.11,2,4177434,276,2.57307107967399,0.459301959997378,1.18181659010683
PZA00172.12,2,4177515,276,2.39764878053155,0.263684182548034,0.632222058731752
PZA00613.21,2,4180573,276,-2.52276304348577,0.474703773280043,-1.19756513583414
PZA00613.20,2,4180603,276,-0.129141768400413,0.579174834134809,-0.0747956622931849
PZA00613.22,2,4180789,276,1.20999372400693,0.260877356987484,0.31565996469037
PZA00396.9,2,4679573,276,-0.662966081749263,0.251331445464316,-0.166624223619856
PZA00396.10,2,4679610,276,-0.52345056286934,0.256575213088526,-0.13430443970951
PZB02518.1,2,5058124,276,0.493151810681973,0.237157314927859,0.116954559273149
PZA00200.8,2,5821096,276,-0.0306380714264781,0.236810338324707,-0.00725541206012081
PZA00200.9,2,5821159,276,0.331439785763111,0.46290684001173,0.153425743881766
PZA02081.1,2,5923120,276,0.375489660149517,0.424649678980757,0.159451563643086
PZA00237.6,2,6041279,276,-0.722260373619216,0.289502183465281,-0.209095955193213
PZA00237.2,2,6041506,276,-1.11448419731523,0.321710132559962,-0.358540858854266
PZA00628.7,2,6425970,276,-1.1968160779564,0.235581328443402,-0.281947521547392
PZA01935.10,2,6470320,276,0.478829524833468,0.273926224627347,0.131163963977738
PZA03747.7,2,7473076,276,-0.19441795697619,0.548768767403677,-0.106690502610965
PZA03747.4,2,7473327,276,0.348779778535309,0.333314165207242,0.116253240723663
PZA03747.2,2,7473491,276,0.207546811426951,0.252429206850751,0.0523908769929076
PZA03747.1,2,7473644,276,1.06868979602084,0.300044202396759,0.320654177456627
PZA03747.5,2,7473868,NA,NA,NA,NA
PZA03748.2,2,7480688,276,-0.173707085238461,0.291533173585621,-0.0506413778338765
PZA03748.3,2,7480880,276,0.149957722862923,0.243503574237926,0.0365152415017022
PZA03748.4,2,7481006,276,-0.253917915127819,0.527172794954796,-0.133858617007027
PZA03748.1,2,7481079,276,-0.235231721163353,0.283353980726422,-0.0666538445847638
PZA03701.1,2,7481522,276,-0.909082736254151,0.239438843528441,-0.217669719040364
PZA03700.3,2,7482182,276,-0.0476768210561064,0.50388021356682,-0.0240234067759379
PZA03700.2,2,7482369,276,0.479048720307839,0.32905700417823,0.157634336759912
PZA03699.1,2,7482709,276,1.41050477962889,0.324305712714722,0.457434757845069
PZB00108.2,2,9400242,276,0.29459599978343,0.458536203196128,0.135082931217462
PZB00108.4,2,9400477,276,0.601644006810664,0.250216386207644,0.150541189167651
PZB00517.4,2,9400593,276,0.598328020866882,0.835804363207215,0.500085170469677
PZB00517.2,2,9400673,276,1.50126846871806,0.255727972539649,0.383916341742972
PZB00901.7,2,9400770,276,-0.11195102076744,0.741744630223577,-0.0830390685022966
PZB00901.4,2,9401003,276,-1.89564991619132,0.239486683551098,-0.453982911602578
PZB00089.3,2,9401124,276,-0.143912416914902,0.306947648811852,-0.0441735780068602
PZB00901.6,2,9401212,276,-0.035789710156889,0.274458303189166,-0.00982278312129181
PZB00089.2,2,9401239,276,1.11286465536883,0.247253914734789,0.275160142609924
PZB00901.3,2,9401316,276,-0.461910522806712,0.253263867217012,-0.11698524531426
PZB00901.5,2,9401336,276,-0.440079068638098,0.233215835064887,-0.102633407487012
PZA02272.3,2,9917183,276,0.524715372451698,0.252222804977849,0.132345183054764
PZA00620.3,2,10429405,276,-0.787791025323775,0.231468794116465,-0.182349038647468
PZA00620.2,2,10429605,276,0.847375539066179,0.242218635538163,0.205250146861025
PZA00176.8,2,10533421,276,-0.068626937019123,0.269475995463607,-0.0184933121688464
PZA03336.3,2,11193471,276,1.31423956977504,0.270319821496238,0.355265005904882
PZA00259.1,2,11678938,276,-0.754160629644166,0.347812016784027,-0.262306129575649
PZA00008.1,2,11924901,276,2.09688765367059,0.323417014645207,0.678169144996535
PZB00219.1,2,12543294,276,1.02151710668389,0.255790978053253,0.261294859816802
PZB00219.3,2,12543497,NA,NA,NA,NA
PZB00219.2,2,12543545,276,0.706399466609127,0.586191820045253,0.4140855890106
zfl2.3,2,12544637,276,-2.37698949139322,0.226683022636726,-0.538823162684749
zfl2.9,2,12544790,276,0.440642987274223,0.396035562720683,0.17451029342407
PZA03136.4,2,13199808,276,-0.00376478494436629,0.425854028895688,-0.00160324883648422
PZA03210.1,2,13242487,276,1.35804856424038,0.381737641240019,0.518418255602516
PZA00108.12,2,13779884,276,0.723330614275568,0.398429898949518,0.288196543552908
PZA00108.4,2,13779970,276,0.860558689636427,0.241550992316884,0.207868805428596
PZA01753.1,2,14751136,276,0.159101570312922,0.342194674992946,0.0544437101440978
PZA03559.2,2,15810122,276,-0.53143378691424,0.82893895087832,-0.440526165785982
PZA03559.1,2,15810363,276,1.75525609558321,0.228307030582919,0.40073730709517
PZA00459.5,2,17015152,276,0.642633766847064,0.22814982180559,0.146616779392413
PZA02814.2,2,17268906,276,1.55004426394125,0.227970043545602,0.353363658348297
PZA03442.1,2,18125201,276,-5.46827740260528,0.326047658173689,-1.78291904136355
PZA00497.4,2,19837491,276,-1.35434035733388,0.270006534078318,-0.365680745846111
PZA00497.1,2,19837545,276,-0.402262571000492,0.271343970216299,-0.109151523084689
PZA03228.2,2,20042233,276,-0.826857088001695,0.344122323763238,-0.284539982543247
PZA03228.3,2,20042386,276,0.625083938442142,0.24736307965228,0.154622688054224
PZA03228.4,2,20042412,276,0.962570666475239,0.387493611632488,0.372989984003981
PZB00793.1,2,20722170,276,-0.223064292078844,0.235040669711422,-0.0524291805989157
PZB00793.2,2,20722655,276,1.99667901086614,0.253491349229677,0.506140856443035
PZB02020.3,2,20954147,276,-0.377081944083754,1.00560284695958,-0.379194676507675
PZB02020.2,2,20954874,NA,NA,NA,NA
PZB02017.1,2,20958246,276,0.346263421968642,0.274874038346568,0.0951788251282224
PZB02017.2,2,20958307,276,0.481148420988409,0.384418951489694,0.184962571507286
PZB02017.5,2,20958456,NA,NA,NA,NA
PZB02017.4,2,20958530,276,-0.533615496419469,1.00538395094442,-0.536488456075372
PZB02017.3,2,20958616,276,0.0697847172633367,0.357945417774462,0.0249791197750978
PZA00349.3,2,21201165,276,-1.22292979254015,0.506358648539085,-0.619241077008811
PZA03635.1,2,21202350,276,0.480185803339113,0.273662121522365,0.131408665666703
PZA03634.2,2,21203177,276,-1.12634236804125,0.603449348351406,-0.679690568015074
PZA03634.1,2,21203230,276,-0.329179451075112,0.294386135069118,-0.0969058663461763
PZA03633.1,2,21203782,276,-0.188664886753121,1.20758750465942,-0.227829359811054
PZA00590.1,2,21991242,276,-0.013482668666368,0.280344847127223,-0.00377979668613992
PZA01879.1,2,22196255,276,1.09147998261883,0.362729601046116,0.395912098645148
PZA00471.2,2,22429044,276,2.38889430902956,0.351919481135201,0.840698445720519
PZA00471.1,2,22429119,276,-1.47383277731238,0.397913956297502,-0.586458631341305
PZA03350.1,2,22805046,276,1.23758809206072,0.93288231131838,1.15452403978171
PZB02167.2,2,22805327,276,1.79317961336301,0.517938443754011,0.928756658316656
PZB02167.1,2,22805742,276,0.550819893413916,0.484587947204003,0.266920681428577
PZB02194.1,2,22808653,276,2.48158387497463,0.256809714731741,0.637294847015124
PZA00102.8,2,24893433,276,-0.52664614475432,0.364901448171814,-0.192173940894954
PZA00102.6,2,24893463,276,0.342978854431718,0.358356998834885,0.122908872937978
PZA01755.1,2,25230561,276,-0.638644609890993,0.236915485978469,-0.151304798119854
PZA03642.1,2,25924769,276,0.390503552519004,0.338896945474571,0.132340461145659
abph1.20,2,27403404,276,2.05211864912041,0.278656916323086,0.571837054692991
abph1.19,2,27403428,276,1.56866042012579,0.490196145514498,0.768951291566815
PZB02035.2,2,27403490,276,-1.67852252364927,0.291126096341767,-0.488661709931744
PZB02035.3,2,27403594,276,0.335468264299873,0.250888536260235,0.0841651417919569
PZB02035.4,2,27403660,276,0.502799333533003,0.277487049578824,0.139520303592272
PZB02035.1,2,27403823,276,0.491202955370369,0.24858558486023,0.122105973945817
abph1.22,2,27403892,NA,NA,NA,NA
abph1.15,2,27403986,276,1.28207178876104,0.227173972854537,0.291253341737568
abph1.10,2,27404108,276,1.00821265991844,0.244983519011097,0.246995485338357
abph1.9,2,27404126,276,-1.27576718751843,0.254807388858776,-0.325074905843277
abph1.5,2,27404261,276,1.37007484814401,0.442353171941061,0.606056954873169
abph1.3,2,27404343,276,1.37071098255243,0.30734923343928,0.421286969754291
abph1.1,2,27404419,276,-1.42721417703751,0.299370403840736,-0.427265684546942
PZA03568.1,2,27790383,276,-2.46701409573137,0.383974644999687,-0.947270861617676
PZA03568.2,2,27790401,276,-2.19385526124662,0.305357419698461,-0.669909981766161
PZA03568.3,2,27790566,276,-0.570561560874787,0.435848758155955,-0.248678547758799
PZA03567.1,2,27791160,276,-0.867729345138381,0.308322775002399,-0.26754071964408
PZA01374.1,2,28316042,276,1.48246838812435,0.554856563755787,0.822557315711258
PZA03121.2,2,29977973,276,0.234729329702624,0.298465160218717,0.0700585269977256
PZA01336.1,2,31394426,276,1.66298277084127,0.285927736953601,0.475492900259473
PZA03319.1,2,31946302,276,-0.491058970719414,0.242030240371927,-0.118851120720011
PZB02523.1,2,32949215,276,0.629243616612396,0.347814930644704,0.218860324870663
PZA00061.1,2,33824834,276,-0.566836313501723,0.241006196136597,-0.136611063749142
PZA02378.7,2,35040818,276,0.856573300674582,0.241182575569108,0.206590554820428
PZB00257.1,2,35753260,276,0.289904013475683,0.489425887784133,0.141886529167519
PZA02793.33,2,36943058,276,-0.186275778430889,0.318574646589934,-0.0593427402818852
PZA03328.6,2,37328085,276,-0.266542710218465,0.298574222182009,-0.0795827823817626
PZA03328.4,2,37328160,276,-0.856548553130179,0.315151704989142,-0.269942736924959
PZA03328.2,2,37328339,276,-2.20616728358051,0.335037906520569,-0.739149668124983
PZA03328.7,2,37328362,276,-1.53327164186323,0.35618897957561,-0.546134461527485
PZA03328.3,2,37328439,276,1.69735974479781,0.331951522204381,0.563441151014073
PZA00730.2,2,38352327,276,-0.240542335376238,0.340100106854974,-0.0818084739646036
PZB01230.2,2,39040619,276,0.00608172822996129,0.225059172308802,0.00136874872164217
PZB01230.1,2,39040641,276,1.13748476463947,0.324725830009957,0.369370684321232
PZB01230.5,2,39040780,276,-2.19998557960188,0.301001705033712,-0.662199410509745
PZB01231.4,2,39041029,276,-0.763517393586593,0.283793550936199,-0.216681312327491
PZB01231.1,2,39041048,276,2.10957107615281,0.228619685715233,0.482289476424001
PZB01231.2,2,39041117,276,-0.570674880616521,0.278553800515245,-0.158963656854316
PZB01231.3,2,39041317,276,0.445065837540102,0.251571170947595,0.111965733898735
PHM10404.8,2,40967991,276,0.00839045245391932,0.230241517745448,0.00193183050756141
PZA03233.3,2,41493308,NA,NA,NA,NA
PZA03233.1,2,41493380,276,1.91157214889109,0.279655454075425,0.534581577296074
PZB01047.1,2,42722721,276,-0.240243540796444,0.235358300790623,-0.0565433115377736
PZA00226.6,2,43256857,276,-0.408055445475533,0.474974952561454,-0.193816115857185
PZA00226.7,2,43256960,276,0.00603309582914796,0.270292539587845,0.00163070079323724
PZB00017.1,2,43923075,276,0.459549058790131,0.605371818235256,0.278198049288082
PZB00183.1,2,43923340,276,0.662237325736615,0.230571730019263,0.152693205878421
PZB00165.4,2,43923359,276,-0.725441128588741,0.377179941392908,-0.273621842365106
PZB00183.2,2,43923377,276,0.670977505536745,0.284604097161391,0.190962947178887
PZB00165.2,2,43923473,276,0.48806681174245,0.232579228633413,0.113514202596628
PZA02808.16,2,44606521,276,0.923488451229876,0.248079378822039,0.229098441330435
PZA02808.14,2,44606542,276,0.91176478224432,0.478627885626147,0.436396049913983
PZA02808.12,2,44606596,276,-0.912020185076931,0.469064156732287,-0.427795979035935
PZB01370.1,2,44880958,276,-0.645056328697644,0.250802173386368,-0.161781529194
PZB01370.2,2,44881342,276,0.221160777450263,0.270314221591414,0.0597829034030199
PZA02450.1,2,47575949,276,0.801383292888557,0.253553862487213,0.203193829244615
PZA02774.1,2,49160699,276,-0.915723912851226,0.334807795750256,-0.306591504777519
PZA02168.1,2,51780601,276,-1.03383009964049,0.28980084984121,-0.299604841467236
PZA03629.1,2,51784790,276,1.54260964164092,0.250188299792013,0.385942883484908
PZA03629.2,2,51785014,276,0.30631688146294,0.21741821854137,0.0665988706768206
PZA03628.1,2,51785080,NA,NA,NA,NA
PZA03627.1,2,51785517,276,0.436460989732749,0.261886062534058,0.114303050050827
PZA03627.3,2,51785620,276,0.0150016537979791,0.294352268024919,0.00441577081955979
PZB02209.1,2,56773455,276,-1.03426756377123,0.289161563904938,-0.299070426236239
PZB02209.2,2,56773640,276,1.45893334289591,0.344764452010859,0.502988354483879
PZB02209.3,2,56773916,276,-2.21612066038207,0.776537409462952,-1.72090059667042
PZA00394.15,2,56930205,276,0.459047777792882,0.356008911975652,0.163425099916885
PZA00394.11,2,56930271,276,0.584385689540746,0.314387754304407,0.183723704582347
PZA03756.1,2,58354634,276,0.695411558969808,0.229912474033721,0.159883791994396
PZA03756.2,2,58354695,276,0.650098917444919,0.227252191554459,0.147736403716539
PZB01325.1,2,58472853,276,0.381327657495417,0.351369245463554,0.133986811288549
PZA00635.7,2,59600768,276,-0.5777453931331,0.22623407922578,-0.130705697042403
PZA00635.4,2,59600797,276,0.60759548902989,0.238731499047994,0.145052181910905
PZA00635.1,2,59600932,276,-0.198273040282039,0.232637509714203,-0.0461257463346775
PHM10321.11,2,62802971,276,-1.57372000969462,0.226715207896017,-0.356786259168038
PHM3457.6,2,62804122,276,-1.92812571965027,0.23151940891208,-0.446398526921609
PZA02881.9,2,62804286,276,1.14207151564809,0.234332809844178,0.267624827304816
PZA00280.14,2,62870552,276,-2.77161542323487,0.943913577788627,-2.61616543039976
PZA00442.4,2,63547171,276,-1.52284211528926,0.241522652128088,-0.367800866457009
PZA00442.3,2,63547199,276,-2.02347164435985,0.238034762767758,-0.481656592832481
PZA03410.1,2,68655603,276,-2.42430741982979,0.344621396843903,-0.835468209400781
PZA00170.1,2,69623218,276,1.25751901788869,0.286063531045201,0.359730330613733
PZA03358.4,2,74221735,276,-0.412775427872249,0.45162937105593,-0.186421506877286
PZA03358.2,2,74221816,276,-1.34745665511308,0.559177973323127,-0.753468081546892
PZA03358.1,2,74221900,276,-0.375726198833422,0.457942424582525,-0.172060966472953
PZA03358.3,2,74221960,276,0.651943217155858,0.446053998419864,0.29080187875508
PZA02946.8,2,83201598,276,0.511766098064519,0.251124476989964,0.128516993717647
PZA01902.1,2,89520665,276,0.563311655946299,0.633981245384878,0.357129025176652
PZA02549.3,2,103493947,276,-0.666773722364411,0.368063321848993,-0.245414951175063
PZB00607.1,2,104938493,276,0.0454399322167476,0.281031995106565,0.0127700748083797
PZA00291.7,2,107146789,276,1.09393052046851,0.283405823811595,0.310026280346025
PZB02521.1,2,118120373,276,-1.59122707285913,0.252925413476285,-0.402461765337556
PZA00485.2,2,121241431,276,-1.94657871362219,0.249779059291708,-0.486214599925814
PHM3626.3,2,125642617,276,-2.40588424948381,0.228531938395526,-0.5498213910898
PZA02966.10,2,128180134,276,-2.96416034739063,0.469350771832258,-1.39123094688237
PZA02966.11,2,128180206,276,-1.53898265638215,0.259818205510118,-0.399855712092404
PZA03278.1,2,128573571,276,1.12649545552396,0.230736809447762,0.259923967265002
PZA03278.2,2,128574019,276,-0.939958986476799,0.259511548901489,-0.243930212484468
PZA02831.2,2,131092176,276,-0.394526102363117,0.27317173025579,-0.107773378013606
PZA02831.5,2,131092323,276,-1.80915242357555,0.469931776430425,-0.850178212244265
PZA02831.6,2,131092420,276,-0.0393318592081035,0.323680944709387,-0.0127309733456555
PZB01969.3,2,136267079,276,1.55035215399866,0.376055104327837,0.583017841016855
PZB01969.1,2,136267342,276,-2.59180223863536,1.14091753953389,-2.95703263306229
PZB01969.4,2,136267476,276,-1.78372034297447,1.09158882748839,-1.94708919775469
PZB01969.2,2,136267644,276,-1.46123326402786,0.428188508777093,-0.625683292299575
PZB01487.1,2,139752027,276,-1.63299202511502,0.243515016133629,-0.397658079341972
PZB01487.2,2,139752077,276,3.04981899958528,0.35341997152159,1.07786694397943
PZB02511.1,2,140014895,276,1.11676259005731,0.238282100306225,0.266104535502274
PZA00140.7,2,140264825,276,0.389402143849469,0.435971769727781,0.169768341789845
PZA00140.6,2,140264872,276,-0.647812790745606,0.434815532642191,-0.281679063660475
PZA00277.13,2,141942735,276,1.62594393567172,0.27634035513879,0.449313924619286
PZA00277.9,2,141942814,276,0.951513768714064,0.293106003302214,0.278894397834807
PZA02626.1,2,144527921,276,2.41670099945846,0.408706243521821,0.987720787204097
PZA00029.12,2,144528504,276,-0.53764663446802,0.337231440217269,-0.181311348869618
PZA00029.11,2,144528591,276,0.987658039128037,0.598443656197357,0.591057688008494
PZB01285.2,2,145724799,276,1.00143374308473,0.789608610254014,0.790740706138609
PZB01285.1,2,145725068,276,0.316117263613381,0.828198534735406,0.261807854529168
PZA03211.5,2,148837537,276,0.824525879808229,0.307029327005117,0.253153625975822
PZA03211.3,2,148837564,276,0.61179007304354,0.251226482908434,0.153697868329023
PZA01280.2,2,149428645,276,1.08246381148827,0.227977590404223,0.246777491442866
PZA01537.2,2,150984061,276,0.255148498055008,0.230215436683824,0.0587391228989554
PZA02939.6,2,157152608,276,-1.97073115082831,1.00309229996275,-1.97682524269261
PZA02939.5,2,157152675,276,1.62175838116753,0.327131513166323,0.530528273221501
PZA00133.1,2,157316199,276,-0.0161542104651363,0.455767901776557,-0.00736257060855205
PZA00133.3,2,157316321,276,0.336831118850321,0.311693123057475,0.1049879433774
PZA03539.1,2,157316550,276,-0.159321269048908,0.300349559576713,-0.0478520729900425
PZA03390.1,2,158767674,276,2.29306306391983,0.471468973827964,1.08110808966909
PZA03083.7,2,159619959,276,-0.977361251800819,0.785750112798688,-0.76796171384756
PZB02119.1,2,160112653,276,0.119268872063623,0.632647037514536,0.075455098578751
PZB02235.2,2,160125437,276,0.674461209863494,0.962517272035303,0.649180563811441
PZB02235.5,2,160125620,276,1.22509371584634,0.344689208502604,0.422276583256587
PZB02235.3,2,160125895,276,1.296868437042,0.485650976321748,0.629825422610308
PZB02235.4,2,160126422,NA,NA,NA,NA
PZA00367.2,2,161879250,276,0.239511592628734,0.311765180607158,0.0746713749334051
PZA00367.6,2,161879515,276,0.407298221765609,0.489104229212262,0.199211282816193
PZA00478.7,2,162823104,276,-0.860842036059613,0.792907725190179,-0.68256830056011
PZA01321.1,2,164561951,276,-0.00379729721796618,0.271829270050299,-0.00103221653092378
PZA03692.1,2,166659759,276,-0.110682674038009,0.222614028329801,-0.0246395159339155
PZA03688.3,2,166660386,276,0.576541063784256,0.226473019954457,0.130570995842976
PZA03688.2,2,166660485,NA,NA,NA,NA
PZA03690.1,2,166660980,276,0.181597216977152,0.222080237329143,0.0403291530445978
PZA03690.2,2,166661063,276,0.0601490830635383,0.230835022063957,0.0138845149160987
PZA02841.3,2,167759219,276,-1.37887182941127,0.500927764543476,-0.690715183098962
PZA02841.5,2,167759231,276,0.597253349537211,0.325376166136529,0.194332005084618
PZA03418.1,2,168377989,276,-1.18703750259575,0.384016620281578,-0.455842129894303
PZA03418.2,2,168378080,276,0.974040301181302,0.39318349496794,0.38297656985809
PZA01638.1,2,168860137,276,-0.291640829915965,0.376445906411222,-0.109786996564236
PZA00515.10,2,169265278,276,-0.988148912244056,0.251933957111632,-0.248948265677199
PZA00637.4,2,169524428,276,-0.724436583983932,0.236422655975741,-0.171273221271474
PZA03708.1,2,169976110,276,-0.24149207487224,0.229259054651036,-0.0553642447909271
PZA03708.3,2,169976308,276,0.726985621450465,0.881265697115509,0.640667490480496
PZA03707.2,2,169989245,276,1.0855693472274,0.610339084353782,0.662565401389305
PZA03707.1,2,169989408,276,0.343282082902232,0.22798678527898,0.0782637785247522
PZA00495.5,2,170377814,276,-0.183766945536814,0.227938545893402,-0.0418875703489333
PZA00495.3,2,170377897,276,0.122589574978165,0.229341109240969,0.0281148291068711
PZA00495.4,2,170377910,276,-0.195962853193694,0.232870174911627,-0.0456339038993971
PZA03644.4,2,170899166,276,2.57304928905286,0.772753345381896,1.98833244594811
PZA03644.2,2,170899280,276,0.483151765432073,0.289567701786168,0.139905146330095
PZA03644.3,2,170899522,276,-1.14583633628206,0.259465395815915,-0.297304878533681
PZA03644.1,2,170899849,276,0.312924369361289,0.254247136627274,0.0795601248910032
PZA03659.2,2,173848055,276,0.864594813526064,0.262228017596234,0.226720983974925
PZA03659.1,2,173848095,276,0.428556043971725,0.283022656161871,0.121291069879101
PZA03659.4,2,173848369,276,-1.67999696521555,0.417857191820194,-0.701998814151419
PZA03660.1,2,173849191,276,0.962785313916415,0.263019210104503,0.253231032766511
PZA03661.3,2,173849260,276,-1.40743961526718,0.230430029547588,-0.324316352132463
PZA03661.1,2,173849428,276,1.51297979651154,0.229915119130005,0.347856930156242
PZA03661.2,2,173849502,NA,NA,NA,NA
PZA00224.4,2,176000581,276,-0.196013816559857,0.229685851412853,-0.0450216003452334
PZA00224.3,2,176000714,276,-0.622670584783129,0.334678458168521,-0.208394431262109
PZA03286.1,2,177293723,276,-0.245719571907838,0.34314066520594,-0.0843163773585744
PZA03184.1,2,179826404,276,1.59180248096287,0.262677094682045,0.418130051006997
PZA03184.2,2,179826439,276,-1.34506641981812,0.447997773267561,-0.602586760975488
PZA03184.3,2,179826461,276,-2.36049618201638,0.238751597854016,-0.563572235184715
PZA00729.18,2,186070362,276,-3.19436309945077,0.610731784123143,-1.9508990748647
PZA00729.9,2,186070536,276,1.04613536673901,0.72113161972358,0.754401291466626
PZA03528.3,2,186510824,276,0.203674615353701,0.55721623732969,0.113490802806961
PZA03528.1,2,186510935,276,0.546099402329236,0.249644992059888,0.136330980958392
PZA03528.2,2,186511034,276,-1.76151857533576,0.454952553633932,-0.801407374122609
PZA03529.3,2,186511923,276,-0.893468593693677,1.4695159772678,-1.31296637361985
PZA03529.6,2,186512163,276,-0.19063167406588,0.565147806878495,-0.107735072519908
PZA03529.1,2,186512251,276,0.489700874890835,0.232963677438401,0.114082516659371
PZA03529.4,2,186512293,276,1.86210759694835,0.347902049539942,0.647831049442228
PZA00611.1,2,187149215,276,0.644965319070106,0.233945132993363,0.150886497345963
PZA02890.5,2,187225116,276,1.61467002252566,0.474463547053331,0.766102066208207
PZA02890.4,2,187225134,276,-0.511894273105206,0.258431075345113,-0.132289387461584
PZA02890.3,2,187225194,276,-0.817019801496037,0.28131963357935,-0.229843711183939
PZA00533.4,2,187495335,276,0.230420572634007,0.610162613672218,0.140594018842215
PZA00533.3,2,187495401,276,-0.133030228742047,0.448716484796107,-0.0596928566127533
PZD00042.2,2,189293647,276,2.15851374213398,0.477543284756117,1.03078374260988
PZA00479.9,2,192125202,276,-0.759215105594461,0.368442936078735,-0.27972744262055
PHM3055.9,2,192602324,276,-2.55781285797638,0.245047612862465,-0.626785934996031
PZA03384.2,2,193285152,276,-0.325651531214817,1.46652141945914,-0.477574945806195
PZA03384.1,2,193285270,276,-1.12101340130423,0.491458097486298,-0.550931113461623
PZA03144.1,2,193321985,276,1.16007854665152,0.22621205786254,0.262423755320225
PZA00824.2,2,193996904,276,-2.4839848208998,0.245009249991659,-0.608599257959326
PZA03640.1,2,195212071,276,-3.52965066673959,0.544521188342824,-1.92196957548808
PZA03641.1,2,195215389,276,-3.31091715881933,0.489425990761462,-1.62044891078427
PHM3668.12,2,195555350,276,-0.291989615169378,0.227475154353728,-0.0664203827803399
PZA02017.1,2,195834649,276,-0.131164345913683,0.667316010789215,-0.0875280680728956
PHM7953.11,2,195938817,276,-0.696884788724803,0.227194668436634,-0.158328508512865
PZA00803.3,2,196001003,276,0.92691635987186,0.243001549587665,0.22524211178702
PZA00340.1,2,196280808,276,-2.97026829730495,0.259719025500319,-0.771435187650533
PZA02731.1,2,197109533,276,-0.369889937869536,0.250274237414795,-0.0925739221277042
PZB01267.1,2,198756269,276,0.0295868279634245,0.281915924557396,0.00834099796002942
PZB01267.2,2,198756501,276,0.263134640616034,0.236826423818217,0.062317235919787
PZB02013.1,2,198757428,276,-0.0931727049241342,0.294642512655564,-0.0274526398897623
PZB02013.2,2,198757542,276,-0.0633652048966345,0.280709098309996,-0.0177871895307624
PZB02013.3,2,198757777,276,0.3220414783336,0.282886602867487,0.0911012197882154
PZB01261.1,2,198780031,276,-0.565465204127874,0.294575833487501,-0.166572383814148
PZB01261.2,2,198780161,NA,NA,NA,NA
PHM16125.47,2,199411414,276,1.83086880764386,0.297416195292275,0.544530034848742
PZB01103.2,2,200020987,276,-0.0853258467744162,0.227757490980323,-0.0194336007771125
PZB01103.4,2,200021059,276,1.96597283961008,1.36242447327785,2.67848951048433
PZB01103.1,2,200021207,276,-0.0642329570738288,0.240442820426089,-0.0154443533631393
PZA03438.1,2,200624355,276,0.162045684333217,0.866603772027603,0.14042940128396
PZA00725.4,2,201957482,276,0.760516992048825,0.236104812847004,0.179561722074654
PZA00725.1,2,201957593,276,0.807377161703228,0.238925055969768,0.192902633548656
PZA03163.4,2,202113207,276,0.0413013473751594,0.285644927024892,0.0117975203570072
PZA03165.1,2,202113464,276,-1.75227041127181,0.225453229732998,-0.395055023586799
PZA03163.2,2,202113539,276,0.667476254551674,0.233502830742344,0.155857594891113
PZA01885.2,2,206881202,276,-0.864319373206727,0.300472932990102,-0.259704577107592
PZA00390.6,2,206974644,276,-0.586769286478419,0.5171958156969,-0.303474619746094
PZA00390.7,2,206974778,276,-0.303218808012559,0.303845034110418,-0.0921315290634964
PZA00639.12,2,207125619,NA,NA,NA,NA
PZA02964.7,2,208276510,276,1.20088597550785,0.225382561348601,0.270658757047572
PZB00772.2,2,208388351,276,0.0980154355019506,0.366280133322199,0.0359011067832879
PZB00772.7,2,208388467,276,0.174350405846393,0.255593523188453,0.0445628344996163
PZB00772.1,2,208388592,276,0.29349669396179,0.232603555498574,0.068268374542589
PZB00772.4,2,208388718,276,-0.543372991442877,0.326374094412502,-0.177342868010381
PZA03602.1,2,209504204,276,1.86720189379219,0.220793962273812,0.412266904495543
PZA03602.2,2,209504254,276,0.975591556016887,0.351322685645984,0.342747445553397
PZA03601.3,2,209505940,276,0.675795031288602,0.406835643420315,0.27493750637455
PZA03601.1,2,209506155,276,1.09343613652302,0.229452329237227,0.250891468397361
PZA03600.1,2,209507219,276,-1.10500836013121,0.267671024780589,-0.295778720147439
PZA02456.1,2,210924384,276,0.71213158916926,0.482628301150116,0.343694859076092
PZB01234.5,2,212960231,276,-0.365169587769673,0.290684629947961,-0.106149186489077
PZA03293.1,2,213615257,276,-0.423380005480928,0.228956103307872,-0.0969354362733788
PZA02680.1,2,213668709,276,-2.30969192978271,0.435118906394992,-1.00499062659639
PZA00676.2,2,214263400,276,-0.136562445970695,0.354259572932742,-0.048378553788229
PZA02989.5,2,214339839,276,-0.374179442145309,0.37987956183862,-0.142143122531179
PZA03169.3,2,214423348,276,1.44701191232976,0.482913637014701,0.69878178538676
PZA03169.1,2,214423402,276,-1.4083681624716,0.310680951727062,-0.437553161098772
PZA03169.2,2,214423504,276,-0.207140577488051,0.251208238337389,-0.0520354195589625
PZA02418.2,2,214647155,276,-0.357370480061917,0.249543045309399,-0.0891793178983324
PZA00527.6,2,216832881,276,-0.448886679875225,0.254029498196508,-0.1140304580358
PZA00527.5,2,216832995,276,-0.263027210823929,0.233453426769303,-0.0614046037004182
PZA00527.10,2,216833071,276,-0.863050395347052,0.239362448504061,-0.206581855812668
PZA00164.1,2,217788232,276,0.459362651775776,0.233278853080003,0.107159592554042
PZA02453.1,2,219554914,276,-2.14296748005328,0.259138210838412,-0.555324758665908
PZA00163.4,2,220264713,276,1.53978938068817,0.23379092978014,0.359988790976674
PZA01991.3,2,220397345,276,0.127923037913626,0.239241320536272,0.0306044765174674
PZB00139.1,2,221891382,276,0.480715458942315,0.263906587561959,0.126863976357747
PZA00487.24,2,222134965,276,-0.36011933618006,0.271370923470825,-0.0977259168188832
PZA00487.16,2,222135246,276,1.15876305389363,0.26914978623487,0.311880828252335
PZB01013.3,2,222280629,276,0.757208373574666,0.231254123687807,0.175107558880079
PZB01013.1,2,222280720,276,0.264795909778392,0.380721930562152,0.100813609975791
PZB01013.2,2,222280823,276,-0.948961439973159,0.235085907340681,-0.223087461147409
PZB01013.4,2,222280901,276,0.536877976382756,0.395896948362766,0.212548352493111
PZA01895.1,2,225848026,276,-0.407550469607732,0.399470007173207,-0.162804189017645
PZA01352.5,2,226450170,276,-1.107665001005,0.220609004953274,-0.24436087369328
PZA02727.1,2,227921381,276,2.68430392649688,0.221986744292001,0.595879889333277
PZA00121.1,2,228972770,276,-0.13945188626925,0.226239688902899,-0.0315495513664776
PZA00121.10,2,228972835,276,0.624591535080427,0.299784453320063,0.187242831892425
PZA00672.6,2,228991006,276,0.91277362403932,0.318880277978264,0.291065506964885
PZD00022.5,2,233128511,276,-0.784767117822536,0.230101815940264,-0.180576338901173
zap1.2,2,233128584,276,-1.03081197669467,0.224312091805869,-0.231223590750923
zap1.3,2,233128701,276,0.175469505185295,0.245639997011107,0.0431023287292563
zap1.5,2,233128987,276,0.393876535229795,0.277997008547624,0.109496498530986
PZD00022.3,2,233129091,276,-0.331397276174004,0.222209107614823,-0.0736394930046086
zap1.7,2,233129136,276,-1.65892537988903,0.248247344611247,-0.411823820465657
PZD00022.1,2,233129138,276,-1.23538756202216,0.259730274131687,-0.320867550142893
PZA03576.4,2,233873436,276,-2.29067069635872,0.437901257143633,-1.00308757763757
PZA03576.1,2,233873786,276,0.341366557928474,0.249335719487499,0.0851148763300669
PZA03576.3,2,233874044,276,-2.53116807470698,0.526006899646611,-1.3314118714611
PZA03577.2,2,233876178,276,0.661842265062583,0.380842497168638,0.252057660958182
PZA03577.1,2,233876337,276,-1.63055298217874,0.29738455862044,-0.484901278912466
PZA03321.1,2,234574846,276,-1.93446610491694,0.231571226405639,-0.447966688355755
PZA03321.4,2,234574991,276,-0.318190867868537,0.45872016625069,-0.145960567808107
PZA00309.1,3,1240310,276,-2.47270859843778,0.280862969386014,-0.694492279383566
PZA00134.12,3,1682341,276,0.042783314738015,0.379827356760357,0.0162502733503866
PZA00615.6,3,1882706,276,0.0470438044544629,0.399504588214165,0.0187942157266079
PZA00615.3,3,1882847,276,-1.376049531377,0.356366703174128,-0.490378234901128
PZA02090.1,3,4138512,276,2.07883557677228,0.245636003798634,0.510636863632772
PZD00038.3,3,4824552,276,-1.34798283578143,0.247867684485439,-0.334121384231259
PZD00038.1,3,4824779,276,-0.559965520764045,0.291147498032094,-0.16303256035469
PZA02678.1,3,5232441,276,1.34904734448393,0.278041900340931,0.375091687310198
PZA00100.9,3,5479958,276,-1.17158820340328,0.266301507532727,-0.311995704773854
PHM12859.7,3,5479991,276,1.10409119357837,0.24080937624688,0.26587551164528
PZA00100.2,3,5480402,276,1.7901802471485,0.237929180818784,0.425936119722011
PZA00458.6,3,5480980,276,-0.451548647485527,0.302059004880547,-0.136394335114635
PZA00458.1,3,5481011,276,1.73171176310429,0.245872086207407,0.425779583904357
PZA03527.3,3,5748224,276,1.28997078206868,0.335321313455155,0.432554696962044
PZA03527.2,3,5748362,276,0.149455524943069,0.268616422745122,0.0401462084697015
PZA03527.1,3,5748473,276,-1.06280429164362,0.225651595447128,-0.239823484057438
PZA03212.3,3,6547051,276,-1.82298090867879,0.441356611313354,-0.804584676343411
PZA00749.1,3,6733476,276,0.167216920219862,0.271253883104137,0.0453582389303524
PZB01947.1,3,7410038,276,0.882850596286501,0.280552560510951,0.247685995336797
PZA03525.1,3,7428361,276,0.806658268807114,0.426598727261962,0.344119390808453
PZB01940.1,3,7429527,276,-0.751430271474873,0.266255882417015,-0.200072730006399
PZA03283.2,3,7602160,276,-0.901447254095335,0.263419269747987,-0.237458577390121
PZA03283.1,3,7602186,276,2.01621290515113,0.250956241450212,0.505981212640141
PZA00537.4,3,8341160,276,1.39162957439342,0.461741461452176,0.642573073480488
PZB00470.5,3,9124190,NA,NA,NA,NA
PZB00064.1,3,9124976,276,-0.780237920501347,0.303925965105923,-0.237134563000611
PZB00112.2,3,9125023,276,-2.01972374231227,0.591104002408361,-1.19386678783998
PZB00112.1,3,9125043,276,1.74618986502995,0.780603655521364,1.36308219187674
PZA01765.1,3,9598936,276,-0.125632006240987,0.264857696280799,-0.0332746037521229
PZA03009.5,3,11414308,276,0.22311573333824,0.294037445526634,0.0656043802875778
PZA03009.6,3,11414383,276,0.0586853814845507,0.343562499192709,0.0201620963289098
PZA03009.7,3,11414423,276,0.238710102711117,0.248990253676359,0.0594364890291508
PZA00508.2,3,11895612,276,1.132460180426,0.227430097743078,0.257555529524429
PZA03145.1,3,12965736,276,0.567416535353515,0.226690248586053,0.128627795451125
PZA02855.14,3,17184071,276,-0.76903607715153,0.281101787311433,-0.216177415794268
PZA02855.17,3,17184120,276,-0.055304444550301,0.242624161938001,-0.0134181945104634
PZA02855.22,3,17184237,276,1.35726676046783,0.265533375276706,0.360399624057904
PZA03309.1,3,18361979,276,0.598977271803791,0.362330605141338,0.217027797358575
PZA00480.10,3,22952214,NA,NA,NA,NA
PZA03185.1,3,23329881,276,0.476523180276002,0.228833491768465,0.109044463251171
PZA02427.1,3,23999118,276,-0.33616031282814,0.246810656966693,-0.0829679476552422
PZA00645.1,3,27040373,276,-0.066663197338257,0.340891404340585,-0.022724910958472
PZB01964.4,3,27198692,276,-1.53033492186023,0.410180797593764,-0.627713998834221
PZB01964.3,3,27198816,276,-0.811780172991109,0.324750156881912,-0.263625738532489
PZB01964.6,3,27199028,NA,NA,NA,NA
PZB01964.5,3,27199404,276,1.22217080870995,0.335992122046864,0.410639763522188
PZB01964.1,3,27199765,276,1.69761224383763,0.251410326845131,0.426797249079515
PZB01720.1,3,27204262,NA,NA,NA,NA
PHM2343.25,3,27981649,276,0.762170959240735,0.23462631058488,0.178825360201592
PZA00210.9,3,29693390,276,1.15084852295876,0.296642525065852,0.341390611818792
PZA00210.6,3,29693448,276,-0.139854415237898,0.834791483922786,-0.116749274829599
PZA00210.1,3,29693561,276,-0.371965353339049,0.223107887185221,-0.0829884040895796
PZA03054.10,3,31695391,276,-0.177826454486528,0.302566448526577,-0.0538043187880617
PZA03054.5,3,31695534,276,0.0360469848115239,0.382368502066623,0.0137832315864007
PZA03054.3,3,31695569,276,0.207968309369166,0.270182254957782,0.0561893467851189
PZA01473.1,3,32080895,276,1.47697943714211,0.49145500881732,0.725868942303675
PZA00348.10,3,32449451,276,-0.566469860334879,0.577914341897619,-0.327371056540268
PZA00348.11,3,32449584,276,1.13810824095751,0.237651545661461,0.2704731825936
zb21.1,3,37536931,276,-1.47161162124235,0.284114603171914,-0.418106351792447
PZA00380.5,3,39489976,276,-1.30076473884087,0.288863664176761,-0.3757436686935
PZA00380.7,3,39490060,276,-0.929823697492133,0.245348300942919,-0.228130664356158
PZA00297.2,3,39992968,276,-0.947973151194702,0.255838186198055,-0.242527731566107
PZA00297.3,3,39992991,276,-0.854187043659071,0.249111752740169,-0.212788031613854
PZA01114.2,3,40198671,276,-1.23541658488968,0.263730600050791,-0.325817157245655
PZA03070.9,3,43868043,276,-1.08950076565249,0.23686881464845,-0.258068754918684
PZA03070.7,3,43868067,276,-1.1010017519398,0.236558226354079,-0.260451021651612
PZA03070.6,3,43868070,276,-0.764103493581817,0.237628261041414,-0.181572584435516
PZA03070.5,3,43868105,276,0.272728867648786,0.257006457856929,0.0700930802297456
PHM15899.9,3,43868122,276,-0.151337043390283,0.44098689632108,-0.0667376530630897
PZA03269.1,3,51967230,276,1.32731308918644,0.333691501945359,0.442913098282357
PHM15474.5,3,53548967,276,-0.720800280549839,0.237107524644832,-0.170907170284473
PZA01447.1,3,53549251,276,-0.0837259518030708,0.241800991160691,-0.0202450181318548
PZA03119.1,3,54127608,276,0.403374386779821,0.227811012120717,0.0918931273158846
PZA03119.3,3,54127888,276,2.15949634299473,0.291941066827152,0.630445666183215
PZA00265.6,3,55946581,276,-1.56549739580919,0.231858669569601,-0.362974143406995
PZA00265.4,3,55946639,276,1.97821438336044,0.269305494310096,0.532744002362226
PZA00627.1,3,56747948,276,-1.12152004726184,0.229523834730324,-0.257415581974471
PHM2324.23,3,57966892,276,-2.07776239167285,0.380232366616289,-0.790032511452091
PZA03242.1,3,58616503,276,-0.420575530828578,0.230122611710774,-0.0967839395759177
PZA02699.1,3,63847564,276,-0.245345749347371,0.247740658852944,-0.0607821175900869
PZA00414.27,3,64730607,276,0.0658351455962414,0.255889301821154,0.0168465094419162
PZA02134.3,3,66922282,276,-1.51377493269841,0.3157862261104,-0.478029273177356
PZA00608.1,3,67283995,276,0.505551179405194,0.242392301739156,0.12254171402297
PHM5502.31,3,67284067,276,0.829168110849117,0.241296223590352,0.200075133869438
PZA00608.5,3,67284085,NA,NA,NA,NA
PZA00621.2,3,69079684,276,-0.566647386710589,0.328527510595683,-0.186159255341579
PZA03366.2,3,69892464,276,-2.43632263473046,0.883140748227009,-2.15161579455826
PZA03366.1,3,69892547,276,1.34926881066007,0.636745683149044,0.859141090595447
PZA00565.3,3,73140552,NA,NA,NA,NA
PZA00109.3,3,82173052,276,0.704325361962323,0.226229391823367,0.159339098282509
PZA00232.24,3,95541392,NA,NA,NA,NA
PZA02742.1,3,97441783,276,0.395620666067438,0.232203643068987,0.0918645599342383
PZA02645.2,3,101980017,276,0.0328034716405969,0.248563935856812,0.00815376002075408
PZB02484.1,3,108233038,276,-0.217180966641541,0.238412138747261,-0.0517785787522074
PZB02484.2,3,108233139,276,0.207788714430102,0.90812911851614,0.18869898207301
PZA03761.3,3,110715343,276,-0.243936482498745,0.306976925026163,-0.0748828712991632
PZA03761.1,3,110715403,276,-0.0781206808704202,0.673187132889478,-0.052589837174532
PZA03761.2,3,110715467,276,-1.32166123649801,1.08636415641585,-1.43580539425569
PZA03761.4,3,110715630,NA,NA,NA,NA
PZA00707.7,3,110715760,276,1.1609001563497,0.665283024576952,0.772327167248183
PZA00707.9,3,110715956,276,0.485192389160202,0.251972277349436,0.12225503124931
PZA03760.3,3,110719350,276,-0.491685517360253,1.27739819001647,-0.628078189933301
PZA03760.2,3,110719489,276,-0.744740796804077,0.285529301325376,-0.212645319379972
PZA03760.1,3,110719558,276,-0.264447395705673,0.408679099830496,-0.108074123629514
PZA03302.1,3,115392917,276,0.772908305235717,0.22471660566726,0.173685330844605
PZA03302.2,3,115393003,276,-1.30616975134794,0.484480991895087,-0.63281441671641
PZA03302.3,3,115393037,276,1.03929057292775,0.233696073148147,0.242878125753104
PZA02619.1,3,120046370,276,-2.22757768031904,0.363886111462108,-0.810584580071078
PZB00037.1,3,120915609,276,-1.19144813917144,0.257754891873572,-0.307101586285104
PZB00037.2,3,120915670,276,0.97323390742753,0.446039360212152,0.434100629405748
PZB00037.3,3,120915712,276,-0.798475332174695,0.258403584534759,-0.206328887996524
PZB00451.1,3,120915995,276,-1.0131845573924,0.257511732263015,-0.260906910476254
PZB00035.1,3,120916059,276,1.20342432887491,0.266864177302721,0.321150843471282
PZB00451.2,3,120916079,276,0.209754296952545,0.8840792050857,0.185439412113116
PZA03729.1,3,122631251,276,-1.49947813494946,0.244537544393058,-0.366678700991625
PZA03730.1,3,122632051,276,0.400479023116345,0.278518166934429,0.111540683414055
PZA03730.2,3,122632201,276,0.569893654276937,0.406398525729564,0.231603940920781
PZA03730.3,3,122632318,276,1.55904236799729,0.49300241198392,0.768611647807783
PZA03731.1,3,122634784,276,-0.471393160302152,0.914030310990354,-0.430867636909702
PZA03731.2,3,122634846,276,0.483221016845281,0.838294425876382,0.405081484887717
PZA03198.3,3,123785075,276,-0.769881095983233,0.3133681915566,-0.241256246761879
PHM15449.10,3,125077922,276,1.81338114652195,0.235684634061332,0.427386071931744
PZA00413.2,3,125192322,276,0.721871233288134,0.227109977636066,0.163944159648187
PZA00413.18,3,125192339,276,0.0504256424184325,0.248609751157274,0.0125363064135922
PZA00413.17,3,125192483,276,-0.148207765959622,0.568679103113296,-0.0842826594203432
PZA00295.7,3,126261692,276,0.111723747450245,0.556723052154639,0.0621991856786543
PZA00363.6,3,132192142,NA,NA,NA,NA
PZA00363.5,3,132192205,NA,NA,NA,NA
PZD00016.4,3,133480594,276,1.72388716247208,0.305121809875485,0.525995571034594
PZD00015.5,3,133481473,276,1.99515425411339,0.278495008938877,0.555640501833747
PZD00014.4,3,133482561,276,-0.560402680114499,0.271584217831615,-0.152196523549637
PZB02002.1,3,133483395,276,1.8650074425371,0.303893282897771,0.566763234341375
PZA02888.3,3,134850306,276,2.39158902237206,0.334883058705859,0.800902646979313
PZA03264.1,3,136356797,276,0.401385254517845,0.382181518217683,0.153402025961821
PZA03122.1,3,136357534,276,3.16676660958787,0.317684696373641,1.00603328885311
PZA00254.3,3,139668467,276,0.381202350126716,0.273739159777598,0.104350011028933
PZA00719.2,3,140524105,276,0.124602914166299,0.390033127438612,0.0485992643002465
PZA00719.1,3,140524287,NA,NA,NA,NA
PZA00114.3,3,142431173,276,1.89352115478948,0.240065286231254,0.454568698009473
PZA00920.1,3,142821031,276,2.79838931278673,0.234680101746576,0.65672628865132
PHM890.20,3,143853993,276,0.305185903988958,0.440419875916025,0.134409937966137
PZA02906.7,3,144466196,276,0.757882717237395,0.240499474904049,0.182270395534448
PZB02044.1,3,144466243,276,1.96248368160052,0.319247497318913,0.626518003880173
PZB02044.3,3,144466246,276,0.9327584428488,0.264030756034634,0.246276916863057
PZB02044.2,3,144466414,276,0.284787024112508,0.227589285707753,0.0648144753966023
PZB02122.1,3,145421006,276,-1.18998079141242,0.268173580805148,-0.319121409922411
PZA03541.2,3,148153258,276,-0.1570466594683,0.242890368281719,-0.0381451209556691
PZA03541.3,3,148153805,276,0.653211280472248,0.24819099598751,0.162121158290684
PZA03541.4,3,148154058,276,-0.264437720783454,0.39277180763943,-0.103863681600168
PZB01183.1,3,148380841,276,-1.27157114369882,0.836058466315768,-1.06310782021222
PZB00228.6,3,150829954,276,-1.56979104148799,0.244551996644464,-0.38389553351048
PZB00228.4,3,150830416,276,0.107476692455228,0.306118046201597,0.0329005551066044
PZB00228.5,3,150830673,276,1.05644195302608,0.442680898247163,0.467666672711574
PZB00228.2,3,150830782,276,1.64277743664994,0.250623359958931,0.411718400837929
PZB00274.4,3,150837246,276,-1.17773512870137,0.334290495288486,-0.393705659492229
PZB00274.5,3,150837488,276,-1.76922106306899,0.258799139790351,-0.457872889221224
PZA00827.1,3,155566732,276,-0.243583847693128,0.24988452804964,-0.0608678348213127
PZA03658.1,3,155576390,276,1.51177645485808,0.237926401280132,0.359691531444418
PZA00507.11,3,155818939,276,0.527790119457722,0.244917879647372,0.129265236956418
PZB01683.2,3,156252241,276,1.24002107565165,0.336736703992537,0.417560609896216
PZB01683.3,3,156252478,276,-0.660951766348287,0.274693091031934,-0.181558883721227
PZA00391.2,3,157104591,276,0.653772348414643,0.299763734035136,0.195977240369693
PZA00948.1,3,157263770,276,-0.404101645338974,0.293206318413909,-0.118485155694844
PZA03019.8,3,157317264,276,-1.19758921597536,0.471270994537293,-0.564389060859847
PZB01463.7,3,157318219,276,-0.477360160218753,0.972412294593492,-0.464190888745835
PZB01463.6,3,157318304,276,-0.917468192697902,0.605507300369423,-0.55553368853532
PZB02179.1,3,157640380,276,0.5219295883464,0.243511571992573,0.127095894527668
PZB02179.2,3,157640764,276,0.510059446982555,0.249028239610876,0.127019206178963
PZB02179.5,3,157640944,276,0.188386410636586,0.233801891305308,0.0440450991030522
PZA00828.2,3,157646430,276,0.370841055095519,0.500276101498581,0.185522917318807
PZA02944.12,3,159253652,276,0.905752089965682,0.295209225151433,0.26738637265806
PZA02944.10,3,159253667,276,-0.731547191750865,0.257256103561332,-0.188194980121062
PHM9914.11,3,159996138,276,-0.118143300977787,0.23099370241569,-0.0272903585084703
PZA02923.7,3,160467612,276,2.37121135140868,0.579904919597547,1.37507712808744
PZA00667.1,3,161516074,276,1.16238255033944,0.235900387814876,0.274206494414319
PZA00667.2,3,161516227,276,-1.50560228434053,0.236279760753488,-0.355743347533886
PZD00003.3,3,161572823,276,-1.02137888162068,0.271790073284278,-0.277600641086698
PZB01892.1,3,161573186,276,1.09792612980835,0.513186498403714,0.563440866062288
PZB01856.4,3,162186725,276,2.07476907642305,0.426834367470923,0.885582746383263
PZB01856.1,3,162186937,276,-0.690348732744512,0.229005558350658,-0.158093696998826
PZB01856.2,3,162187057,276,1.96491752343134,0.334202642131398,0.656680627901037
PZB01856.3,3,162187230,NA,NA,NA,NA
PZD00006.1,3,163615279,276,1.39597452630968,0.275108569717166,0.384044555294653
PZD00008.3,3,163617500,276,-1.93223016960235,0.28161044628051,-0.544136200378383
te1.4,3,163617645,276,-0.00325646117814265,0.230745141328633,-0.000751412594781731
te1.3,3,163617892,276,-0.392835716077044,0.755302026374167,-0.296709612385138
te1.1,3,163618301,276,-1.05248640063227,0.227447575146946,-0.239385479698945
PZD00007.1,3,163618708,276,-0.287582326002513,0.233161708796451,-0.0670531865504042
PZA01396.1,3,164833462,276,-0.0417576346935158,0.237612284529137,-0.00992212697605943
PZA00186.2,3,165800369,276,1.85617666917636,0.239888918952768,0.445276214554067
PHM2885.31,3,165901548,276,-0.107327213793343,0.380275302761647,-0.0408138887198275
PZB01933.1,3,167581102,276,-1.44905481689756,0.262644740990144,-0.380586627064581
PZB01933.2,3,167581373,276,-0.604999411639398,0.403744022401323,-0.244264896005724
PHM1959.26,3,168443563,276,1.85216821375231,0.236296295662047,0.437660487852662
PZA03073.28,3,168443662,276,-0.629990328393815,0.329658788949656,-0.207681848708301
PZA03073.23,3,168443677,276,-1.65659551239941,0.307607241779448,-0.509580776313395
PZA03073.24,3,168443701,276,-0.755126986088776,0.237197976443435,-0.179114593058087
PZA03073.25,3,168443704,276,1.35363605402658,0.236270726861292,0.319824574390511
PZD00040.2,3,168689468,276,-0.751258376035982,0.551776110648429,-0.414526424821189
PZD00040.3,3,168689563,276,0.489582908028208,0.606529368186401,0.29694641188121
PZD00027.5,3,169756987,276,-0.0144018747654989,1.20232479523243,-0.0173157311283916
PZD00027.1,3,169757113,276,0.189975261462952,0.249144652625781,0.0473313205246793
PZD00027.2,3,169757331,276,2.01888841744685,0.238535846567565,0.481577257781135
PZD00027.3,3,169757661,276,0.501981930392642,0.617982790824004,0.310216194287266
PZA02402.1,3,169771952,276,1.75848932414843,0.31335763173825,0.551036050052148
PZA03032.17,3,171364486,276,0.705550082059834,0.295053988416172,0.208175365739112
PZA03032.16,3,171364514,276,0.112012511052348,0.220997927555616,0.0247545328028695
PZA03032.19,3,171364540,276,1.10260898651149,0.311854390465632,0.343853453410468
PZA00783.1,3,171821889,276,-0.19082897237958,0.3174465616193,-0.0605780011392421
PZA00166.3,3,171935683,276,0.300991623978874,0.390422187292445,0.117513808190537
PZA00166.1,3,171935933,276,2.77780268814348,0.241736696416894,0.671496845129774
PZA02212.1,3,174550727,276,2.06245694930369,0.224988348257063,0.464028782375139
lg2.1,3,175051278,276,0.11411518698872,0.256140348275613,0.0292295037388275
lg2.2,3,175051298,276,0.0177139953218999,0.259270575167709,0.00459271775562708
PZB01473.3,3,175051721,276,0.274010236133674,0.356382468577487,0.0976524443688187
lg2.11,3,175051864,276,0.431837643027521,1.27894859745164,0.55229814787687
lg2.12,3,175051925,276,-0.387603821172644,0.328578392642527,-0.127358240543009
PHM17210.5,3,178229653,276,-1.99789567529952,0.241241349136194,-0.481975048142624
PZA01962.12,3,178229838,276,1.32145073159724,0.231871368353135,0.306406589346704
PZB01919.3,3,178234746,NA,NA,NA,NA
PZB01919.2,3,178234880,276,0.522260373270943,0.278677581445339,0.145542257707886
PZB01919.1,3,178235128,276,-0.388363288885758,0.230718986354247,-0.0896027843489238
PZA00701.6,3,179517651,276,0.164436690539123,0.557532667779557,0.0916788267571187
PZA03359.1,3,179903397,276,-0.837494054904479,0.493300149935787,-0.41313594285471
PZA03359.2,3,179903483,276,-0.594101106973342,0.563516517392264,-0.334785786780507
PZA03359.3,3,179903740,276,-0.403750521445829,0.522163932805214,-0.21082396015031
PZA00482.10,3,180294773,276,-0.0454487906674056,0.235520599207975,-0.0107041264112652
PHM1675.29,3,180341088,276,-0.413482670603328,0.342995499395379,-0.141822695094924
PZA00107.18,3,180341137,276,0.532572152298161,0.441925546479182,0.235357239443959
PZA00107.4,3,180341381,276,0.284943616610079,0.252499750900701,0.0719481922147897
PZA03733.2,3,180532130,276,0.57971027374493,0.228554272035876,0.132495259607491
PZA03733.1,3,180532218,276,-0.698275245105542,0.224083851375265,-0.156472206243257
PZA03734.2,3,180532745,276,-1.224180264355,0.611802848324251,-0.748956972594723
PZA03734.3,3,180532956,276,-0.440916305542065,1.21450916913176,-0.535496895900536
PZA03735.2,3,180533322,276,-1.49261286190057,1.14386012763097,-1.70734033871722
PZA03735.1,3,180533618,276,0.540230216842026,0.226763398545061,0.122504439967833
ba1.9,3,181362666,276,0.259205331750118,1.6053844048444,0.416124197244159
ba1.8,3,181362717,276,-1.61210350809519,1.14158774445244,-1.84035760763026
ba1.7,3,181362781,276,-0.27458342593599,0.88809130660107,-0.243855153510492
ba1.6,3,181362952,276,-0.82901558729509,1.78993316724054,-1.48388249585888
ba1.5,3,181363034,276,-1.15801620255835,1.20329144655589,-1.39343099151159
PZA00099.6,3,184718109,276,-1.80572754508496,0.302011194283486,-0.545349932441697
PZA03191.1,3,185290073,276,1.97691655830951,0.243012668475018,0.480415768187241
PZA03191.2,3,185290132,276,1.29811913466528,0.264784848142072,0.343722277942665
PZA03191.3,3,185290309,276,-1.24034331528344,0.23259967254204,-0.288503448974637
zb27.1,3,185290956,276,-0.929143622639293,0.591842589880688,-0.549906767993964
PZA03649.1,3,185316030,276,-0.89652669763703,0.369378969184016,-0.331158107419116
PZA03648.2,3,185317151,276,-0.885655374086082,0.26232580463364,-0.232330258635239
PZA03648.3,3,185317395,276,-0.248578084385967,0.363642889962853,-0.0903936529875432
PZA03648.1,3,185317458,276,0.438358176626204,0.259457072885047,0.113735129382661
PZA03647.3,3,185318086,276,0.601873807970702,0.27483296570632,0.165414763625544
PZA03647.1,3,185318330,276,-0.0563658913295701,0.232645957530124,-0.0131132967604067
PZA00702.5,3,185760526,276,-1.41999327974479,0.265665831445918,-0.377243695311017
PZA00586.1,3,185989508,276,0.450804587240548,0.29531330579551,0.133128592925787
PZB00628.3,3,186186953,276,-0.0287736494527209,0.478858671865742,-0.0137785115616604
PZB01052.4,3,186580149,276,0.098420003183986,0.235454513125734,0.0231734339315186
PZB01052.3,3,186580208,276,-0.0984931797636476,0.236257557920797,-0.0232697581228135
PZB01052.2,3,186580210,276,0.96305091100451,0.295347164049728,0.284434355400689
PZB01052.1,3,186580250,276,-0.0882148247861142,0.238111128110226,-0.0210049314458676
PZA00303.19,3,187604432,276,-2.06252389448802,0.260479358528174,-0.53724490098527
PZA00303.6,3,187604478,276,-1.94620847718819,0.246841053057388,-0.480404149978348
PZA00618.21,3,189138003,276,2.34550921544263,0.461144996866725,1.08161983980617
PZA00236.7,3,189437413,276,-0.567685825584672,0.333289707126411,-0.18920384254893
PZA01228.2,3,189861328,276,-1.2598709194681,0.408848285140846,-0.515096064923354
PZA03743.1,3,191863818,276,0.783778531027679,0.27289845826873,0.213891952741584
PZA03744.1,3,191864249,276,0.886865684741581,0.287270980047742,0.254770774426426
PHM13673.53,3,192236275,276,-0.570663496184042,0.254652149932734,-0.145320686191397
PZB01223.1,3,192865017,276,1.00225602942742,0.910018304120562,0.912071332194148
PZB01223.3,3,192865132,276,1.17580158085978,0.230581557123935,0.271118159383433
PZB01223.2,3,192865246,276,-0.317290775437806,0.667672839661689,-0.211846433035019
PZA03255.1,3,193565357,276,1.5987187260086,0.227164989134857,0.363172922023436
PZA03255.3,3,193565631,276,-1.02486618787298,0.258355199255411,-0.264779508178057
PZA03255.4,3,193565736,276,0.863385699208825,0.258174917497297,0.222904531661584
PZB02516.2,3,193566873,276,-1.17986397657148,0.293487016057832,-0.34627475783809
PZB02516.3,3,193566974,276,-0.184789909500932,0.605321196277709,-0.111857249079153
PZB02516.1,3,193567255,276,-1.26443391518757,0.247927529968902,-0.313487977401363
PZA02952.10,3,194250329,276,2.19876045480466,0.454144912955247,0.998555875356702
PZA02952.7,3,194250404,276,0.305008827963848,0.338935423820576,0.103378296374944
PZB01109.1,3,194643731,276,-0.219019638241867,0.256254997291938,-0.056124876804551
PZB01109.2,3,194643852,276,0.877486507332163,0.219058989390818,0.192221307500263
PZA01035.1,3,195407066,276,-2.38781338422188,0.358485843165544,-0.855997294364751
PZA00308.24,3,196191461,276,-1.17085328066151,0.489703740242851,-0.573371230815552
PZA00308.23,3,196191494,NA,NA,NA,NA
PZA01457.1,3,196870327,276,0.0647365230858947,0.646329361170915,0.0418411156105325
PZA00201.2,3,197456470,276,-3.00524873455493,0.734104922540594,-2.20616788949567
PZA02122.9,3,197797720,276,1.50815255713825,0.317112458843318,0.47825396570495
PZD00004.3,3,199478329,276,2.0401809082549,0.49109781704946,1.00192839042997
PZA00892.5,3,199886201,276,0.989666130669719,0.244220379730784,0.241696638238855
PZA03224.3,3,200142461,276,0.46717159792086,0.249577545619183,0.11659554079208
PZA03224.4,3,200142700,276,0.305829267678295,0.359237615738968,0.109865376943945
PZA03224.1,3,200142836,NA,NA,NA,NA
PZA03008.21,3,200201258,276,-0.0828187100968131,0.676949353554849,-0.056064072262284
PZA03011.6,3,201790247,276,-0.426734687613778,0.418341510671507,-0.178520833872282
PZA03154.2,3,202363996,276,-0.115807666156726,0.241010479480791,-0.0279108611479839
PZA03154.4,3,202364106,276,0.999691271081563,0.276194988258929,0.276109718878926
PZA03154.1,3,202364418,276,-1.03565456439885,0.330034789099725,-0.341802035741543
PZB01449.2,3,202569690,276,-0.281529696154844,0.252215314272172,-0.071006100792643
PZB01449.3,3,202569749,276,-0.391225635657449,0.286017133450957,-0.111897234843272
PZA00047.2,3,203908761,276,1.83859562144114,0.285535236526627,0.524983835645016
PZA00220.2,3,206760654,276,-0.110168198115381,0.233663714823751,-0.025742310427079
PZA00220.11,3,206760693,276,1.03937666688802,0.427285239229375,0.444110307760679
PZA00538.18,3,206889455,276,-3.33284675712686,0.27139471614487,-0.904516999604795
PZA00538.15,3,206889707,276,2.16157391221236,0.240725167228974,0.520345241495108
PZA00538.7,3,206889794,276,-2.41385582478994,0.255728080439195,-0.617290716530501
PZA02516.1,3,208180035,276,-0.427862083249648,0.547205225984872,-0.234128367954982
PZA03349.4,3,209957688,276,-0.747492607009774,0.858803324616103,-0.641949136025952
PZA03349.1,3,209957849,276,0.834867380286782,0.444208590006868,0.370855261839919
PZA03346.6,3,210558095,276,1.68484661782762,0.687817785794036,1.15886747007677
PZA03346.5,3,210558393,276,-0.83810491944577,0.312465934732144,-0.261879237058231
PZA03553.1,3,210635720,276,-2.59872247362487,0.480484955966737,-1.24864705330942
PZB01457.1,3,212725801,276,1.24152312926606,0.229452607084829,0.284870718766214
PZB01457.3,3,212726119,276,1.21903663970927,0.235087185757186,0.286579892964148
PZA03146.3,3,214272799,276,1.3269451776102,0.337475259115478,0.447811167646035
PZA03146.1,3,214272814,276,-1.87202501632229,0.254911119964488,-0.477199993512256
PZA03146.4,3,214272883,276,-0.13315292308798,0.250360255011832,-0.0333361997798776
PZA03146.2,3,214273072,276,-0.742662967540721,0.297678421373299,-0.221074739789931
sh2.4,3,214838405,276,0.722458415107863,0.263051226673678,0.190043572314845
sh2.3,3,214839793,276,1.2828084036592,0.240042557958155,0.307928610584571
sh2.21,3,214840195,276,0.859442905163892,0.398273045563874,0.342292943327887
sh2.2,3,214843092,276,-1.51486304012377,0.259981527572535,-0.393836407234552
sh2.1,3,214843730,276,0.326028240276368,0.247504626507062,0.0806934978403573
PZA00750.1,3,215844498,276,-0.633972273227158,0.297585730015055,-0.188661101737608
PZA01154.1,3,216028207,276,0.642203850737072,0.272360414194563,0.174910906784092
PHM3342.31,3,216028374,276,0.0396417088460911,0.265606755228478,0.0105291056583223
PZA02665.2,3,216624570,276,-1.21101632306302,0.225382542259808,-0.272941937610067
PZA01233.1,3,216768571,276,-1.98873063293323,0.25003777174882,-0.497257776067245
PZA02514.1,3,216915474,276,-0.569986058594817,0.509476877131646,-0.290394717141463
PZB02076.3,3,217328675,276,-0.394732069686536,0.663541559418677,-0.261921133072366
PZB02076.1,3,217328892,276,-0.205882435058179,0.310370135329553,-0.063899759230985
PZA02824.3,3,217329647,276,0.124501991815653,0.370475888171755,0.0461249859970567
PZA02824.1,3,217329679,276,0.336506905827732,0.300098278147823,0.100985143023754
PZA02668.2,3,218119861,276,-1.04714220583484,0.331601891172552,-0.34723433578143
PZA00219.7,3,219309085,276,0.635350965911539,0.222236563333086,0.141198215174537
PZA00219.6,3,219309117,276,-0.722242082537288,0.233149994239166,-0.168390737382852
PZA03360.1,3,219587062,276,-0.493365898618007,0.29584748662281,-0.145961061091541
PZA03391.1,3,219859920,276,0.692997938329235,0.232475745711022,0.16110521248929
PHM2672.19,3,219860052,276,-0.328841230067151,0.228004710882546,-0.0749773495877216
PZA03391.3,3,219860155,276,0.823178542208242,0.913878455021336,0.752285134359983
PZA00234.19,3,221730567,276,0.480794700297737,0.28394737269967,0.136520391957468
PZA00234.21,3,221730615,276,-0.338424307047902,0.32610881884525,-0.110363151039913
PZA02789.36,3,222114560,276,2.00463422555625,0.281830712373356,0.564967491836528
PZA02789.31,3,222114627,276,-1.07826139483066,0.399961333198203,-0.431262865012626
PZB00954.1,3,222262745,276,-0.288800838709946,0.39583362315886,-0.114317082357875
PZA00572.1,3,222602120,276,-2.15121060486645,0.293016337754744,-0.630339853177134
PZA00572.2,3,222602260,276,-1.53944363434994,0.265654973875228,-0.40896085846562
PZA00316.2,3,223513366,276,0.808096426268558,0.231939756489461,0.187429688328733
PZA00316.9,3,223513444,276,1.52303644078409,0.242296978834302,0.369027128256535
PZA01688.3,3,223670423,276,0.808800646128457,0.259716741997314,0.210059068737805
PZA01360.3,3,223867414,276,1.58671223881513,0.332263731632917,0.527206929496335
PZA02182.1,3,224184375,276,-0.487890414959015,0.29329370871234,-0.143095189248532
PZA00143.5,3,224903492,276,0.845875080092012,0.337038382290948,0.285092368614437
PZA00420.1,3,226872335,276,0.856793636376324,0.249880787072716,0.21409626821661
PHM2423.33,3,227682147,276,1.36632962922502,0.237995433649025,0.325180212614921
PZA00088.3,3,228614270,276,-1.38733880173182,0.240588677161383,-0.333778007083318
PZB01460.1,3,229544509,276,0.0524453635498161,0.274340275112254,0.0143878754646187
PZA03013.7,4,139753,276,1.12935036196541,0.353692900462893,0.399443205162365
PZA03013.8,4,139810,276,-0.941342342081978,0.368253209736302,-0.346652338932376
PZA00216.8,4,2589311,276,-2.1870220562488,0.301122073870199,-0.658560617177504
PZA00216.2,4,2589348,276,-1.80247935042776,0.256592947560341,-0.462503489442908
PZA00136.2,4,2637306,276,-0.506936356734687,0.294924774872712,-0.149508090884771
PZA00136.1,4,2637441,276,1.07685739192087,0.235869826041791,0.253998165704192
PZA03109.3,4,2638771,276,-0.278659264082568,0.715619386641764,-0.199413971644812
PZA03109.2,4,2638925,276,-1.72104308692964,0.413402393971064,-0.711483332264065
PZA03109.1,4,2639015,276,0.00370636612216065,0.272017969772719,0.00100819818778453
PZA03106.1,4,2846701,276,0.602195151635223,0.249230957264915,0.150085674102337
PZA03107.1,4,2851075,276,-1.57577056264456,0.280413959164403,-0.441868062205881
PZA00700.1,4,2852707,276,1.44635243402402,0.244214403794551,0.353220097351973
PZA00700.3,4,2852810,276,0.0833036740365797,0.268597492147676,0.0223751579329128
PHM2438.28,4,3548007,276,-1.12421693118032,0.227537853776773,-0.25580190770028
PZA03227.1,4,3895352,276,-0.0772877155317183,0.245302879988537,-0.0189588992076652
PZA03227.2,4,3895510,276,0.732734195885467,0.429293956562689,0.314558362060453
PZA00371.5,4,4867968,276,-1.43943612156351,0.254824211177867,-0.366803174218349
PZB02080.2,4,4980478,276,0.19538891794128,0.769823914220408,0.150415061604846
PZB02080.1,4,4980568,276,1.62813855314684,0.332488781638861,0.541337803875051
PZA00436.7,4,6401332,276,1.14171977397394,0.25330699107968,0.289205600601512
PZA00683.1,4,6612098,276,-1.44700691953114,0.250401745234612,-0.362333058017157
PZA00683.2,4,6612185,276,-1.44982537084231,0.314551113058725,-0.456044184139228
PZA02358.1,4,11329241,276,-0.42286665986887,0.236576875622253,-0.100040473196595
PZA02138.1,4,11856246,276,1.42968037906144,0.23085074429075,0.330042779604215
PZA01122.1,4,12618115,276,-0.960293159432767,0.383667581629857,-0.368433354135265
PZA00078.4,4,18502089,276,0.823139964212938,0.229609897988706,0.18900108321336
PZA00078.2,4,18502179,276,-0.559061642414096,0.245588403169,-0.137299056033517
PZA00139.4,4,20064925,276,-0.472295288021543,0.255285122917054,-0.120569960655725
PZA00139.14,4,20065054,276,0.896098717333766,0.653423875781996,0.585532296963505
PZA01422.3,4,24475394,276,-0.260057464178906,0.275154568519062,-0.0715559993463082
PZA00644.11,4,25192009,276,-0.50759898138237,0.455339944422433,-0.231130091971532
PZA00488.1,4,28192994,NA,NA,NA,NA
PZB01619.2,4,29030873,276,-0.455239113798479,0.235264874028872,-0.107101772760814
PZA02457.1,4,29031200,276,-0.433607856623806,0.24005877100357,-0.104091369158603
PZA03643.2,4,29209179,276,1.7977676806018,0.3831306807959,0.688779955381835
PZA03643.1,4,29209351,276,2.18080019630264,0.319914569438884,0.697669755832391
PZA03693.1,4,29209539,276,0.575030973344595,0.632196981309965,0.363532845508184
PZA03043.8,4,32099560,276,-0.0405520983504516,0.238464115822499,-0.00967022027788744
PZA03043.14,4,32099732,276,0.593576017844054,0.237065363874422,0.140716314657331
PZA02705.1,4,33860915,276,-0.511051254466326,0.395655084419314,-0.202200027228471
PHM15427.11,4,33862684,276,-0.934781397930488,0.22741312262927,-0.212581556679126
PHM13623.14,4,35051574,276,0.456932551084006,0.373983388389595,0.170885183719898
PZA01106.3,4,35051622,276,0.474503767753563,0.391201758983868,0.185626708589667
PZA01713.4,4,35384247,276,1.51472034608404,0.269918841525746,0.408851561050481
PZA03247.1,4,35769506,276,-1.54801826443823,0.251261207584152,-0.388956938485072
PZA03247.3,4,35769858,276,-0.720690679347488,1.14409604530397,-0.824539356128896
PZA00125.2,4,36047409,276,-0.168197385487827,0.239784590858099,-0.0403311412626005
PZA00125.8,4,36047549,276,-0.0306841276680332,0.433969380030992,-0.0133159718608882
PZA03385.1,4,37067373,276,-1.10937088190066,0.244112615013758,-0.270811427000889
PZA03385.2,4,37067501,276,1.09333896237333,0.267274757102451,0.292221905598978
PZA01751.2,4,37185517,276,-1.16865352379661,0.290350869632289,-0.339319566933185
PZA02968.3,4,38941049,NA,NA,NA,NA
PZA02968.4,4,38941090,276,0.816898527377565,0.415949854756188,0.339788823813242
PZA00315.6,4,39975220,276,0.523848072830481,0.319528926840289,0.167384612538877
PZA00315.1,4,39975317,276,0.779246259751777,0.308409647979145,0.240327064659111
PZA03420.1,4,41178032,276,2.3310946156546,0.322601787234801,0.752015289223594
su1.3,4,41188938,276,-0.403911528543784,0.572743164386332,-0.231337566990287
su1.4,4,41189019,276,-1.91269573279382,0.317601948572351,-0.607475891761338
su1.1,4,41191526,276,1.94611867202105,0.315680645881721,0.614351999346084
PZA00699.1,4,45378466,276,-0.0363310191209228,0.279504389123445,-0.0101546793056257
PZA00699.5,4,45378492,276,0.0890613022660201,0.497346807944373,0.044294354393374
PZA03337.1,4,47028353,276,-1.49070649757853,0.310149446554487,-0.46234179519916
PZA00445.18,4,49713883,NA,NA,NA,NA
PZA01759.1,4,60429503,276,2.87279459334518,0.28557111912871,0.820387167048491
PZA00726.6,4,60767943,276,2.11701694234267,0.245795421429475,0.520353071516456
PZA00726.7,4,60767994,276,-2.02521957788346,0.254734904610304,-0.515894115987064
PZA00726.10,4,60768063,276,1.94434473776866,0.249625743474496,0.485358500736226
PHM14055.6,4,60768111,276,2.06761099191832,0.246961326812237,0.510619953895714
PZB00129.1,4,63721981,NA,NA,NA,NA
PHM1307.11,4,63722896,276,-1.09810014609313,0.256572917874953,-0.281742758602026
bt2.2,4,66287455,276,-1.88836711858571,0.243800641322013,-0.460385114562598
bt2.4,4,66288635,276,-0.0515248181649026,0.44060073358746,-0.0227018726814165
bt2.7,4,66290994,276,-0.811094949049746,0.248007570981053,-0.201157688148829
PZA03706.1,4,73077404,276,0.460138613192863,0.373637494399859,0.171925038510007
PZA03254.1,4,73176932,276,0.763287888029396,0.371692377919761,0.283708290138998
PZA03254.2,4,73177100,276,0.409903904528793,0.354869818721415,0.145462524293333
PZA03254.3,4,73177257,276,0.653439883492204,0.361523679817379,0.236233991219541
PZA03705.1,4,73178489,276,-0.940119136703442,0.370418403327069,-0.348237429554912
PZA03586.1,4,73307190,276,-0.802528098148707,0.375390521512591,-0.301261441292551
PZA03751.1,4,73307596,276,0.37109770782476,0.373630151786032,0.138653292902013
PZA03752.2,4,73309421,276,-2.64366878166334,0.303129063744841,-0.801372842637071
PZA03752.1,4,73309674,276,-0.485585969251343,0.305081020069148,-0.148143062830466
PZA03753.2,4,73310537,276,1.01487963156301,1.46589161114705,1.48770353823222
PZA03753.1,4,73310789,276,-2.5371929260788,0.301532741677998,-0.765046739166562
PZA03587.2,4,73311191,276,0.343099448008965,0.260583447762961,0.0894060370877447
PZA03753.3,4,73311260,276,-0.607100548303271,0.388871493379689,-0.236084096850321
PZA00548.13,4,74062781,276,1.20841907377738,0.246533419568987,0.297915686530726
PZA00548.3,4,74062865,276,-2.59640759734861,0.280555294038547,-0.728435896918058
PZA03597.1,4,74239902,276,-1.35221373074858,0.244958976124601,-0.3312368909858
PZA02938.5,4,75728833,276,-0.651489663317115,0.277973217252765,-0.181096677719179
PZA02938.3,4,75728870,276,-0.580424945491108,0.280802599637184,-0.162984833588174
PZA03270.2,4,76122802,276,-1.54339515578225,0.294615944491622,-0.454708821544582
PZA03270.1,4,76122822,276,-0.864908125593823,0.240053039071188,-0.207623824066162
PZA03270.3,4,76122886,276,-2.6898863821317,0.225303086223917,-0.606039703485958
PZA03270.4,4,76122917,276,0.584290560480138,0.369900189623809,0.216129189117005
PZA03270.5,4,76123039,276,2.12217246284628,0.323648760300565,0.686838486744195
PZA00218.1,4,78946415,276,1.40881324772712,0.229649670504057,0.323533498142283
PZA00218.6,4,78946482,276,1.43893303117608,0.31610683943597,0.454856572645091
PZA03372.3,4,85850410,276,2.08452001427239,0.254508513639129,0.530528090483482
PZA03564.2,4,86797585,276,0.227754923701064,0.64876762400911,0.147760020705915
PZA03564.1,4,86797748,276,0.266460382370436,0.224693970688873,0.0598720413460886
PZA03562.1,4,86798226,276,0.0589902192111215,0.359885672375369,0.0212297347043648
PZA03562.3,4,86798403,276,0.395273320137979,0.623278215805803,0.246365249731236
PZA03203.1,4,90203655,276,-1.42255570781049,0.225377963638272,-0.320612708588329
PZA03203.2,4,90203822,276,-1.55941558929846,0.23393418594618,-0.364800616434318
PZA03367.2,4,91417549,276,-1.67343270220221,0.495123665641064,-0.828556133717987
PZA03367.1,4,91417897,276,-0.536433482550259,0.360539822889494,-0.193405632790665
PZA00104.1,4,93812507,276,-1.83435284050386,0.354039482458791,-0.649433330298802
PZA00630.9,4,103665461,NA,NA,NA,NA
PZA03231.1,4,104160525,276,1.08727604085788,0.245789240949644,0.267240752785193
PZA03536.1,4,107751353,276,-0.261164256968459,0.223445469698806,-0.058355970066857
PZA03536.2,4,107751403,276,1.21263326979796,0.351058059093352,0.425704682087295
PZA03535.3,4,107751627,276,-3.40602485725262,0.326176340087138,-1.11096472218448
PZA03535.2,4,107751727,276,0.691001258007496,0.252615994202012,0.174557969786405
PZA00092.5,4,113503635,276,2.37230270309992,0.488273547480747,1.15833265654077
PZA00092.1,4,113503659,276,-3.16616687672613,0.268539235974455,-0.850240034043661
PZB02053.3,4,116875640,276,-0.764397211171788,0.905422491471397,-0.692102427412948
PZB02053.1,4,116875947,276,-1.96104768530383,0.379707807428443,-0.74462511684934
PZB02053.2,4,116876114,276,0.284548346893895,0.410467376075015,0.11679781331602
PZA00549.3,4,117510363,276,3.28208157443825,0.501461286806229,1.64583684972082
PZA03376.1,4,120655021,276,2.08715777485345,0.310206501100591,0.647449910582183
PZA03376.2,4,120655387,276,-0.536203511551849,0.448562567754243,-0.240520823980539
PZB00104.3,4,122795133,276,0.132651730547,0.252811624943249,0.0335358995511211
PZB00104.2,4,122795210,276,-0.46565122522297,0.24040930411855,-0.111946887017804
PZB00104.1,4,122795343,276,-0.285187388742052,0.368475200082799,-0.105084480127819
PZB00153.1,4,122795391,276,-0.264304219172022,0.271256569829189,-0.0716942558839848
PZB00093.7,4,122795990,276,0.26410433299391,0.287728138100276,0.0759902479965531
PZB00093.2,4,122796082,276,0.306388214497789,0.264259691909355,0.0809660551678428
PZB00093.1,4,122796119,276,-0.773420868962486,0.245116852495495,-0.189578489054415
PZA00662.3,4,123175449,276,1.0550037753552,0.679962614101248,0.71736312497721
PZA00704.1,4,128552705,276,-1.44353884174156,0.253049776934911,-0.365287181899581
PZA00704.11,4,128552748,NA,NA,NA,NA
PZA03409.1,4,128632208,276,2.17942904265774,0.217514419051877,0.474057242078487
PZA03409.2,4,128632484,276,0.888736077337219,0.234252727028082,0.208188849724484
PZA03409.4,4,128632580,276,1.53140283260246,1.47074535412058,2.25230360133716
PZA03409.3,4,128632696,276,0.359875173991914,0.369264819746187,0.132889241255252
PZB01080.2,4,129825080,276,1.15151197036368,0.570677928838719,0.657142466280136
PZB01080.1,4,129825130,276,-0.263153617422913,0.2586599333166,-0.0680672971346328
PZB01689.1,4,129831216,276,0.172610021881279,0.234950499807325,0.0405548109127598
PZB01689.2,4,129831266,276,0.47292883214455,0.261308081395813,0.123580125764455
PZA00151.2,4,131016731,276,-2.33738516735046,0.225046259743626,-0.526019789492451
Fea2.2,4,132734439,276,1.33888709472681,0.28350464279846,0.379580707537993
Fea2.6,4,132734608,276,0.173975878756605,0.480688294647377,0.083628168469291
Fea2.3,4,132734721,276,-1.10108027575605,0.326774375399766,-0.359804819375186
Fea2.5,4,132734849,276,2.03333386508195,0.320501171373693,0.651685885552565
Fea2.1,4,132735271,276,-3.35285677554164,0.22643973060818,-0.75921998502146
Fea2.4,4,132736424,276,-2.28673050920744,0.247106234111149,-0.565065364557321
PZA02988.2,4,133757006,276,0.069531884370537,0.553169438837092,0.0384629134585355
PZA03288.1,4,136297005,276,0.65545487466492,0.260428071662146,0.170698849070539
PZA03288.2,4,136297062,276,-1.49311954226706,0.270042578517936,-0.403205851229316
PZA00663.5,4,141267246,276,-1.36728503679161,0.257095244523305,-0.351522480866995
PZA02147.1,4,143945759,276,0.0605969633035719,0.306091761594883,0.0185482312448908
PZA03174.3,4,146943233,276,-2.34151148525494,0.320311238953193,-0.750012444865143
PZA03152.2,4,147044761,276,-0.43544207714443,0.674253929484234,-0.293598531577409
PZA03152.3,4,147044805,276,-0.668646507562285,0.311374540667121,-0.208199499160881
PZA03152.1,4,147045281,276,0.807309232347923,0.284457942841817,0.229645523470896
PZA02982.5,4,148401074,276,1.6791898152482,0.354300004415788,0.594936958957383
PZA02982.6,4,148401263,276,-0.866062731558907,0.241150781490999,-0.208851704535659
PZA02982.7,4,148401277,276,-1.82990495643156,0.572375603269753,-1.04739295336382
PZA00523.2,4,148408488,276,-1.2871833611579,0.590834348398945,-0.760512142459689
PZA03331.3,4,149531082,276,1.20334508181999,0.360915823300969,0.434306280920235
PZA03297.1,4,149531179,276,-0.767033819130843,0.237093114071156,-0.181858436775624
PZA03331.7,4,149531206,276,1.1163269723148,0.403963768666324,0.450955650800152
PZA02992.15,4,149588842,276,0.513636007944765,0.378046269553307,0.194178176711771
PZA02992.1,4,149589133,276,0.772658477253003,0.232579852448548,0.179704794632623
PZA03311.2,4,153293139,276,-1.42469352357534,0.283734099613299,-0.404234134136547
PZA03311.3,4,153293180,276,0.890674929792626,0.320123286356298,0.28512578560038
PZA03311.6,4,153293197,276,0.835239586525799,0.38505437878326,0.321612660124879
PZA03311.7,4,153293234,276,0.851881567012673,0.315601275066992,0.268854908755267
PZA03311.4,4,153293452,276,0.187600953763739,0.358901666554844,0.0673302949530843
PZA03311.5,4,153293454,276,1.75570859878781,0.608984817958453,1.06919988142089
PZA03548.1,4,153432215,NA,NA,NA,NA
PZA00057.2,4,155043536,276,-2.12987505261872,0.250310676660425,-0.53313046562315
PZD00018.1,4,155219858,NA,NA,NA,NA
PZB00229.1,4,156289496,276,-1.1947593876708,0.557403902212703,-0.665963544892962
PZB00092.1,4,156289818,276,-1.84852085219946,0.478971119219095,-0.885388101477813
PZB00229.2,4,156290035,276,-2.08153077018738,0.42990662388689,-0.894863865927936
PZA01926.1,4,158126191,276,1.14058979086771,0.26602118798653,0.303421051171936
PZA00464.6,4,158720618,276,1.06904754023967,0.56781270348434,0.607018773976772
PZB01378.2,4,158720826,276,1.01280294600816,0.523884587819284,0.530591853911641
PZB01378.3,4,158720827,276,0.253679167482096,0.368926253637228,0.0935889048849806
PZB01378.5,4,158720850,276,0.0470848099565961,0.44487570628904,0.020946888084926
PZB01378.4,4,158720894,276,1.15540121280863,0.260854656605836,0.301391786609163
PZA03653.1,4,159982180,276,-0.914334698914795,0.27641121042183,-0.252732360857718
PZA03654.1,4,159984727,276,-0.554136716178116,0.280323459928994,-0.155337521552741
PZA03654.2,4,159984883,276,-0.194804415121458,0.665582575982421,-0.129658424429289
PZA00492.26,4,160161677,276,0.528668276354687,0.309540075534482,0.163644018195514
PZA00492.25,4,160161764,276,0.710590092927241,0.317534012976693,0.225636523788668
PZA03116.4,4,166002187,NA,NA,NA,NA
PZA03116.1,4,166002318,276,-1.47635594442644,0.24223038250532,-0.35761826513242
PZA03116.2,4,166002477,276,0.9766377997568,0.264714879944222,0.258530557911611
PZA00453.2,4,166281189,276,1.16950916828421,0.234848213501454,0.274657138845118
PZA00453.7,4,166281276,276,-0.94457780993345,0.364606214416242,-0.344398939501419
PZA03379.1,4,167650111,276,0.614634393511814,1.09654301838651,0.673973053065605
PZA03379.2,4,167650309,276,-3.03807348578437,0.722862569432481,-2.19610960605879
PZA01289.1,4,169608659,276,0.918080112396838,0.234563410900085,0.215348002643336
PZA03308.3,4,170217116,276,0.294131042601457,0.340484705224323,0.10014712133748
PZA03308.2,4,170217259,276,0.549653063265006,0.739398706420596,0.406412763958264
PZA03406.1,4,170217581,276,2.20808434313751,0.582893925409231,1.28707895040609
PZA00271.1,4,171613440,276,0.94655354307747,0.43582364948687,0.41253041957875
PZA01477.3,4,172301064,276,-1.54844706233592,0.223529784456799,-0.346124038086712
PZA03314.1,4,172385940,NA,NA,NA,NA
PZA02819.22,4,172692049,276,-0.833437479054156,0.220823107938735,-0.184042254397363
PZA02819.35,4,172692287,276,1.39284284641709,0.251948876868106,0.350925190808561
PZA02825.4,4,173687725,276,-0.606409091543609,0.252867830996941,-0.153341351675458
PZA03275.4,4,174427991,276,3.12555120502066,0.236210741324516,0.738288767185665
PZA03275.3,4,174428015,276,-0.0108820450272768,0.404316027462611,-0.0043997852160978
PZA03275.1,4,174428225,276,1.70168204490497,0.239179515159093,0.407007486455305
PZA01187.1,4,177666738,276,0.994940940420609,0.260124083314662,0.258808100079139
PZB02464.2,4,177670560,NA,NA,NA,NA
PZD00030.9,4,177975134,276,-0.398200805301221,0.430313014183778,-0.171350988779576
PZD00030.11,4,177975918,NA,NA,NA,NA
PZD00030.2,4,177976082,276,-0.0891986460733838,0.278573930023509,-0.0248484173894385
PZD00030.10,4,177976308,NA,NA,NA,NA
PZD00030.8,4,177976360,276,-0.401004209647531,0.425276306933234,-0.170537589343582
PZD00029.3,4,177980567,NA,NA,NA,NA
PZD00029.4,4,177980783,276,-0.602595461574598,1.00604586886115,-0.606238674711601
PZB00282.2,4,178735388,276,1.40817039245937,0.280625529560814,0.39516856209577
PHM3637.14,4,179758341,276,-1.47087380559695,0.244248084327299,-0.359258109304257
PZA02194.1,4,180309373,276,2.29722374648979,0.314800220393013,0.723166541687048
PZA02289.2,4,180316143,276,-1.09403479945036,0.280919869059646,-0.307336112608291
PZB01090.1,4,181809360,NA,NA,NA,NA
PZA03445.1,4,182713785,276,-0.0762362699528392,0.27110597383263,-0.0206681082069318
PZA01954.1,4,184373943,276,-2.56071649560204,0.311051594654973,-0.796514949416308
PZA03263.2,4,184717014,276,0.821413322425962,0.271333076634726,0.222876603962588
PZA03263.1,4,184717135,276,0.231870455857926,0.248644231119609,0.0576532512161473
PZA03158.3,4,184717455,276,-0.122023035449121,0.288843727175566,-0.0352455883604004
PZA03158.1,4,184717653,276,-1.01212875648607,0.225207352973596,-0.227938838116685
PZA02949.25,4,185103244,NA,NA,NA,NA
PZA02949.22,4,185103471,276,-1.48533430332605,0.398212745956833,-0.591479051591344
PZA00941.2,4,185562016,276,0.772654888150082,0.222357582587519,0.171805673103482
PZA00344.10,4,193202013,276,-2.08458652797048,0.320729014973011,-0.668587383741983
PZB01461.3,4,194092746,276,-1.04181199423393,0.408626578228973,-0.425712070361712
PZB01461.2,4,194092806,276,0.131630611201788,0.238628561181917,0.0314108233585789
PZB01461.1,4,194092995,276,-0.509054272225524,0.265906623195397,-0.135360902550679
PZB01461.4,4,194093117,NA,NA,NA,NA
PZA00332.3,4,194749230,276,-0.39910550743667,0.253892627928176,-0.101329946103704
PZA00332.5,4,194749287,276,0.784044823795668,0.257836322410335,0.202155233972334
PZA00193.1,4,197964404,276,-0.0534682671901801,0.245465823854247,-0.0131246322558966
PZA00193.2,4,197964459,276,-1.01330636370606,0.241165255420539,-0.244374288022429
PZA03575.3,4,201131313,276,2.30001519965366,0.247926735418107,0.570235259862156
PZA03575.2,4,201131577,276,1.85988905873126,0.297981878563515,0.554213235640469
PZA03575.4,4,201131730,276,0.75904573675489,0.558331810614221,0.423799380541363
PZA01790.1,4,202245921,276,0.304642094745175,0.359669165783298,0.109570368079473
PZA03205.1,4,202883367,276,-0.472906021022507,0.437088333676247,-0.206701704714192
PZA03205.3,4,202883397,276,-0.20130564344968,0.228674920099943,-0.0460335519315231
PZA03534.3,4,204059060,276,-1.10689013787291,0.645427405542644,-0.714417229908054
PZA03534.1,4,204059180,276,-0.679429078505241,0.551234662607585,-0.374524858855619
PZA03533.1,4,204059957,276,1.91353757722783,0.478256051881706,0.915160926812266
PZA01566.1,4,204764426,276,-1.4147173862603,0.296411332056075,-0.419338264944305
PZA02421.1,4,205427981,276,0.0533515035557419,0.249359646760203,0.0133037120807855
PZA00633.8,4,206492925,276,-0.702749370476965,0.783919697542846,-0.550899073952728
PZA00633.4,4,206493021,276,0.611011693786356,0.248127400514111,0.151608743262933
PZA02779.1,4,207114208,276,0.0696886594112628,0.251300581536587,0.0175128006365555
PZA03719.2,4,210235075,276,-0.16124906838702,0.261595794017143,-0.042182078079227
PZA03719.1,4,210235180,276,1.0457521095961,0.234787000194996,0.245529000759656
PZA03720.1,4,210235726,276,-2.08269062492975,0.303341637374737,-0.631766784311205
PZA03720.2,4,210235939,276,0.389393940270754,0.280623476969704,0.109273081429712
PZA03721.1,4,210236675,276,-0.521116241980516,0.225999929340129,-0.11777223386559
PZA03124.1,4,212497348,276,-1.02132403811812,0.403999576507515,-0.412614478876664
PZA01332.2,4,212893509,276,0.611630605873097,0.256865177497708,0.157106604140624
PZA03081.9,4,215393158,276,0.0413942971802936,0.266844267041197,0.0110458308907609
PZA03081.6,4,215393255,NA,NA,NA,NA
PZA03081.1,4,215393350,276,1.09548155142155,0.25339488453684,0.277589421234701
PZB01021.5,4,216310255,276,1.48025439744291,0.29086656628275,0.430556513809161
PZB01021.4,4,216310366,276,-1.33722183950199,0.500806856986241,-0.66968986653435
PZA03271.1,4,216812238,276,-0.276209924947288,0.225854147666422,-0.0623831571759761
PZA03271.2,4,216812289,276,-0.227240968399794,0.275891435584494,-0.0626938369954297
PZA03725.2,4,217610295,276,-0.97179355427159,0.566063031035674,-0.550096404871907
PZA03725.1,4,217610450,276,-0.720799366386086,0.699757256069638,-0.504384586799061
PZA02479.1,4,218367682,276,0.696975491771775,0.23643513130302,0.164789491912047
PZA02865.11,4,220857872,276,0.348603390400847,0.262325290437525,0.0914474856344081
PZA00155.1,4,220885121,276,-1.39392002710112,0.37635572434531,-0.524609781479078
PZA03150.3,4,222233027,276,0.0938323619134841,0.255341436794098,0.0239592901087728
PZA03150.4,4,222233032,276,0.450087155396304,0.26382090437409,0.118742400383814
PZA03155.1,4,222233078,276,-0.540647754430181,0.249455679046237,-0.134867652706204
PZA03155.3,4,222233297,276,-0.932863375412907,0.255903233697542,-0.238722754366167
PZB00878.2,4,222331942,276,-0.0178144679281497,0.293991685358527,-0.00523730544996215
PZB00878.3,4,222331993,276,1.50456497870022,0.754065929696854,1.13454118945291
PZB00878.1,4,222332058,276,0.138921113189631,0.39666437619644,0.0551050567038799
PZB00724.1,4,222332554,276,-0.441016040630166,0.23996960865332,-0.105830446679858
PZB01022.3,4,225206525,276,-0.623680851952972,0.227794811498057,-0.142071262105575
PZB01022.4,4,225206666,276,0.301537253892128,0.261581133083736,0.078876456540061
PZA00878.2,4,226223649,276,-1.77855400419467,0.260998786314223,-0.46420043648911
PZA00636.7,4,226884613,276,1.32714439422807,0.281599274429132,0.373722898477315
PZA00399.10,4,229644826,276,-0.588998353933211,0.22201878330461,-0.13076869790867
PZA00521.3,4,234783765,276,-1.30736331239505,0.231745102828853,-0.302975045265662
PZA00694.6,4,235779015,276,1.30734928122657,0.258936332677519,0.338520228409397
PZA03755.2,4,236401862,276,1.04435333508587,0.276882953675197,0.289163636099119
PZA03755.3,4,236402260,276,0.996299566599837,0.261071841537635,0.260105762575367
PZA03754.2,4,236403295,276,1.79228600747302,1.28091289995249,2.29576226737653
PZA00209.4,4,236488577,276,-0.84765841991177,0.274225926834716,-0.232449915839556
PZA00209.8,4,236488723,276,1.69238785923471,0.256680626085566,0.434403175287976
PZA02155.1,4,237336600,276,-0.532306197899877,0.300626221159652,-0.160025200774502
PZA00513.1,4,238553534,276,-1.44769995769298,0.306352974073543,-0.443507187605387
PHM5599.20,4,239237605,276,2.13369377959034,0.2289722820522,0.488556733913385
PHM5665.26,4,240769341,276,0.334819707862578,0.245596881500074,0.0822306761158151
PHM2100.21,4,241723131,276,-1.85014706401058,0.456745762754902,-0.845046831960254
PZA03322.1,4,242019413,276,-0.396652987909502,0.23865131679651,-0.0946617578758731
PZA03322.5,4,242019440,276,-0.257603768586219,0.248800961385759,-0.0640920652808459
PZA03322.4,4,242019500,276,-1.43548175335983,0.383977318171454,-0.551192433939165
PZA03322.3,4,242019759,276,-0.025869880355071,0.292842853764113,-0.00757580958971515
PZA00005.2,4,243003422,276,-1.14801783498919,0.230068778103443,-0.264123060536924
PZA00005.5,4,243003527,276,-1.25012806156733,0.22671132704079,-0.283418191808861
PZA03017.10,4,243222842,276,-2.29271717841002,0.247911260025616,-0.568390404582003
PZA03599.3,4,243935771,276,-1.76196819697975,0.408632828452725,-0.719998047975584
PZA03599.2,4,243935993,276,-0.535774778737666,0.342452861497214,-0.18347760609675
PZA03599.1,4,243936127,276,-1.67440300304822,0.379911904445698,-0.636125633697643
PZA03598.1,4,243936876,276,-0.993929951714159,0.241707691888446,-0.240240514527624
PZA03598.2,4,243937127,276,-1.13889124483307,0.24453240287254,-0.278495812709528
PZA01905.12,4,244087450,276,0.0459614579219896,0.231716612748645,0.0106500333466728
PZA02239.12,4,244721608,276,1.27660886252471,0.258960649216298,0.330591459834679
PZA00682.16,4,244992633,276,1.72689336010128,0.363049109174567,0.626947096024242
PZA00682.2,4,244992844,276,0.553194275793443,0.262808776961703,0.14538431104349
PZA00051.17,4,245051599,276,0.461960327327912,0.683752042896479,0.315866317547586
PZA00051.2,4,245051649,276,-1.05635768689155,0.245664745058961,-0.259509841841286
PZA00282.14,4,245123491,276,0.630457512729413,0.292314000132101,0.18429155745927
PZA03762.1,4,245131700,276,0.952872761620169,0.224899219162223,0.214300340049327
PZA03762.2,4,245131801,276,2.02109375181948,0.914558250634561,1.84840796603247
PZA01887.1,5,656148,276,0.0130566297371611,0.258429020284494,0.00337421203119193
PZA00684.12,5,920922,276,1.01896531137969,0.251989444483442,0.256768502762465
PZA02894.1,5,945545,276,-0.279047618129673,0.240960563753279,-0.0672394713785355
PZA00191.5,5,2123914,276,-1.29210452807218,0.227031492111359,-0.293348418972069
PZA00191.4,5,2123961,276,-0.326178306318055,0.230612321780247,-0.0752207365343553
PZB01352.6,5,3142800,276,1.93010695847461,0.402368677620965,0.776614584548453
PZB01352.4,5,3142841,276,2.17621051100675,0.305086544675448,0.663932545289441
PZB01352.2,5,3142954,276,-1.59258347603547,0.282091778310973,-0.449254704863517
PZA03046.4,5,3194619,276,-0.97797322376109,0.244598172445153,-0.239210463232258
PZA03046.3,5,3194670,276,1.20891009999661,0.583908164317855,0.705892477314332
PZA03046.2,5,3194673,276,-1.56182630796015,0.606480668574946,-0.947217463449615
PZA01570.1,5,3533995,276,0.0859193647962386,0.256495658802399,0.0220379440772948
PHM13122.43,5,4190804,276,-0.781483914436471,0.300071737152123,-0.234501235761393
PZA03304.2,5,4293459,276,-0.0552985869727298,0.368354053436634,-0.0203694586607233
PZA03304.3,5,4293495,276,-0.243365981607195,0.282845949722006,-0.0688350821977153
PZA03304.1,5,4293537,276,0.400418489253359,0.234420423335476,0.093866271762124
PZB01396.3,5,4591827,276,1.87316533132242,0.367169820011592,0.687769777553607
PZB01396.2,5,4592122,NA,NA,NA,NA
PZA00089.3,5,5267091,276,2.15040193703598,0.230119840427978,0.494850150606733
PZA03186.1,5,5476347,276,1.22787273937192,0.379197364283352,0.46560610644521
PZA03186.2,5,5476395,276,-1.87810572925705,0.440358913868846,-0.827040599066491
PZA02653.12,5,5917587,276,-2.09959845117829,0.26505657764393,-0.556512379895813
PZA02462.1,5,6820571,276,-1.34844351922962,0.227479245756775,-0.306742914699965
PZB00081.4,5,6960673,276,0.645642935818542,0.267204755111532,0.172518862554884
PZB00081.2,5,6960836,276,-1.93508806687776,0.254246693983132,-0.49198974356988
PZB00081.3,5,6961461,276,-0.539044603652954,0.405876465925263,-0.218785518706745
PZB00081.5,5,6961472,276,-0.778581194827588,0.450929674397592,-0.351085364675692
PZB00045.3,5,7082937,276,0.812774909649509,0.24228193382487,0.196920676874217
PZB00045.2,5,7082974,276,-0.706067836443974,0.377335016422292,-0.266424118659839
PZB00054.3,5,7086096,276,-2.7355060860341,0.442684745742894,-1.21096681617415
PZB00102.1,5,7086922,276,1.70937365981425,0.289945163116615,0.495624624622088
PZB00102.2,5,7087084,276,-0.88593713274928,0.306372031569409,-0.271426359203174
PZB02107.1,5,7087183,276,1.15982522766193,0.293931465792638,0.340909129229951
PZA03584.1,5,7103451,276,-0.215058439857948,0.284549682294433,-0.0611948107363155
PZA03584.2,5,7103536,276,1.11969581532975,0.702090768477096,0.786128095445456
PZA02753.1,5,7216587,276,-1.70491198087878,0.227547224267527,-0.387947988869418
PZA03303.7,5,7648691,NA,NA,NA,NA
PZA03303.3,5,7648721,276,1.06721871707098,0.553237248044996,0.590425146094461
PZA03303.6,5,7648847,276,-1.47066956553477,0.333008459063325,-0.489745405810063
PZB01993.2,5,7831264,276,-1.16887113418448,0.247825279201393,-0.289675815179719
PZB01993.5,5,7831417,NA,NA,NA,NA
PZB01993.3,5,7831723,276,3.0153292170571,0.31580718764159,0.952262639852319
PZB00094.1,5,7946002,276,-0.154215476425783,0.219114792866544,-0.0337908921738508
PZA01925.1,5,8598835,276,0.778028698622946,0.2937958564318,0.228581607840447
PZA00865.1,5,9279776,276,-0.530071424004692,0.265776929171964,-0.140880755313777
PZA00281.1,5,9965510,276,0.5325681321754,0.226973843220884,0.120879035736818
PZA00281.13,5,9965534,276,-1.05700979028536,0.364670098682947,-0.385459864532204
PZB00182.3,5,10055221,276,-2.6936722037011,0.225469231636542,-0.607340202049197
PZB00188.2,5,10055420,276,0.656817510233052,0.385364978932958,0.253114465993758
PZB00188.1,5,10055423,276,2.2026765262389,0.245795277811355,0.541407488695439
PZB00069.1,5,10058612,276,-2.16193608767979,0.227151325055765,-0.49108664700234
PZA03244.3,5,10752336,276,-0.679764190818085,1.61024192680321,-1.09458480039473
PZA03244.5,5,10752397,276,-0.107005610066169,1.46986533806626,-0.157283837214896
PZA03244.1,5,10752476,276,-2.60385959332831,0.232391618132606,-0.605115144283674
PZA03244.6,5,10752728,276,-2.04115585832874,0.238415522270964,-0.486643239999885
PZA03244.2,5,10752817,NA,NA,NA,NA
PZA03244.4,5,10752928,276,2.44152508391529,0.366270731641217,0.894259178806039
PZB00079.2,5,11737498,276,-0.502682207831544,0.232228312508523,-0.116737040852778
PZB00079.4,5,11737636,276,0.075358678092312,0.361422311811987,0.0272363076512188
PZB00079.3,5,11737747,276,1.34898820401377,0.270073502980607,0.364325969737516
PZB01479.1,5,11738957,276,-0.873177002020512,0.792470583018252,-0.691967087869324
PZA03678.1,5,11904119,276,2.69285287334967,0.386083460366051,1.0396659555995
PZA03092.7,5,11992708,276,0.916711901595953,0.226476461340272,0.207613667541963
PZB01642.1,5,12337501,276,-0.0141805995185273,0.441289119592127,-0.00625774427681947
PZB01642.2,5,12338040,276,0.039098706647654,0.458425694654268,0.0179238517550342
PZA00004.2,5,13542371,276,-0.638748184360758,0.298854318970613,-0.19089265363085
PZA00112.3,5,13664532,276,1.22478776558014,0.259171195035635,0.31742970887043
PZA00112.4,5,13664643,276,-1.7765112680822,0.234147520388718,-0.415965708364063
PZA00112.5,5,13664679,276,-1.86410007999905,0.446663753357716,-0.832625938366795
PZA00985.1,5,13981667,276,-0.286385967884828,0.267115911084388,-0.0764982487333401
PZA01327.1,5,15056528,276,0.907747090601796,0.239707684350357,0.21759395306393
PZA01523.1,5,16208240,276,-0.504355610172403,0.338995786018764,-0.170974426503367
PZA03371.2,5,17231557,276,0.62270909000413,0.406272547280348,0.252989608210605
PZA03371.1,5,17231824,276,0.47848931302142,0.696702609518406,0.333364753008693
PZA03371.3,5,17232075,NA,NA,NA,NA
PZA00247.5,5,18038315,276,-0.605242364542153,0.321499396019381,-0.194585054645644
PZA00517.6,5,18240488,276,1.17685705620018,0.580996734793623,0.683750106971138
PZA00517.4,5,18240536,276,-0.544302502096023,0.323639727184758,-0.176157913284338
PZB00223.1,5,19973068,276,1.32612858519077,0.247978327547418,0.328851148668431
PZB00223.2,5,19973210,276,-0.69507543999632,0.314635359497526,-0.218695310941143
PZB00223.3,5,19973330,276,-1.56070130355239,0.618590913230852,-0.965435644645053
PZA03226.2,5,20089671,276,1.01249317712461,0.245891469074596,0.248963434751174
PZA03226.3,5,20089946,276,0.169542523524305,0.259930876729157,0.0440693367825464
PZA03340.1,5,20200927,276,-1.41023561857347,0.253287934159007,-0.357195666505924
PZA03340.3,5,20200987,276,-0.333448222413876,0.398632845786767,-0.132923413823382
PZA03340.2,5,20201009,276,1.32759112908108,0.250159000237328,0.332108869574869
PZA02792.26,5,21770965,276,-1.7789913949895,0.252357817360131,-0.448942385542006
PZA02792.25,5,21771015,276,1.67907708589964,0.245994769489686,0.413044180701296
PZA02792.18,5,21771204,276,-1.73207700739325,0.374379947810363,-0.648454899631413
PZA02792.16,5,21771297,276,-1.37902028478664,0.243429114458185,-0.335693686745486
PZA02792.9,5,21771433,276,-1.28101371461541,0.244903535130553,-0.313724787260036
PZA03298.1,5,21811793,276,-1.97776074507439,0.235874196908212,-0.466502727421008
PZA03298.3,5,21811854,276,-1.21066418626596,0.400254501615585,-0.48457379049772
PZB01983.2,5,23437363,276,-1.88409939091144,0.45438804000169,-0.856112229404627
PZB01983.1,5,23437641,276,-0.693187781976822,0.381448431246772,-0.264415391994488
PZA00329.3,5,24480823,276,-2.17801059610158,0.247833987347133,-0.539785050516161
PZA00934.2,5,30064518,276,0.897678975808742,0.223821671809916,0.200920009114126
PZA02113.1,5,30239292,276,0.521660781045648,0.233611420057209,0.121865915848226
PZB00579.2,5,32365820,276,1.52691076054348,1.47288124638447,2.24895822410713
PZB00579.1,5,32366013,276,-0.19719410940357,0.558055039773865,-0.110045166566381
PZB00869.4,5,32366193,276,-0.397186044987153,0.246153276759225,-0.0977686464566248
PZB00869.1,5,32366223,276,0.841642424781242,0.244115808430947,0.205458220935255
PZB00869.2,5,32366232,276,0.642558305167114,0.240588971680208,0.154592441884733
PZA01563.1,5,32599139,276,1.04205879989706,0.380450267287512,0.396451548950139
PZA00499.10,5,34586816,276,-1.61433585286643,0.452911196186807,-0.731150782168985
PZA00499.3,5,34586850,276,-0.712084125666091,0.224627603317198,-0.159953750508597
PZA00449.2,5,37511797,276,-0.311176931352954,0.300981059089068,-0.0936583623626981
PZA03261.1,5,41024015,276,-1.03442885937852,0.439914449513301,-0.455060202234176
PZA03217.1,5,41024709,276,1.56535331941433,0.228230065667354,0.357260690882543
PZA03217.2,5,41024758,276,-1.39659825286737,0.229392335708861,-0.32036893527216
PZA00629.21,5,42492559,276,0.973428249635542,0.484642105176376,0.471764316141523
PZA00407.8,5,48828125,276,-0.536743793156167,0.939303038526064,-0.504165075821592
PZA02207.1,5,49203492,276,0.283616190900352,0.234798135075125,0.0665925527005131
PZA00401.6,5,55324262,276,-3.48779372200646,0.549001494691395,-1.91480396655681
PZA00401.11,5,55324334,276,-2.36390047223352,0.264859141257776,-0.626100649094622
PZA00805.1,5,57507670,276,0.0714708220695355,0.40072313539254,0.0286400119087866
PHM2769.43,5,57831576,276,1.43295885655512,0.233059395947432,0.333964525526259
PZA00522.2,5,57933325,276,-0.476985444256209,0.247933020315809,-0.11826044184112
PZA00522.7,5,57933514,276,0.296477392828198,0.242057539017998,0.0717645880824658
PZA00522.12,5,57933548,276,0.330391137700659,0.242779841089343,0.0802123079082933
PZA00222.7,5,58576757,276,-1.1280989912949,0.230297388036084,-0.259798251141356
PZA00222.5,5,58576811,276,1.71778731502566,0.243700671408605,0.41862592200894
PZB01004.2,5,58616019,276,-3.1143558816426,0.784194706917223,-2.44226139784065
PZB01004.1,5,58616136,276,0.977772791403335,0.309801345438747,0.302915326310152
PHM1870.20,5,59299993,276,0.15333282894646,0.238149806106817,0.0365161834834091
PZA03451.7,5,59300236,276,0.46208052200905,0.226790766077804,0.104795595576064
PZA03451.5,5,59300361,276,0.183276948576129,0.237915820732813,0.0436044856418953
PZA03451.6,5,59300415,276,0.486068188093227,0.232827939269984,0.113170254578441
PZB01271.1,5,60104545,276,-0.32705999327362,0.52998135551009,-0.173335698568274
PZA03426.1,5,60371555,276,-0.319805540563395,0.311097505437278,-0.0994907058942927
PZB01115.4,5,60964265,276,2.09916822072648,0.251040999710751,0.526977288692215
PZB01115.3,5,60964334,276,-1.3219724414552,0.277678138893077,-0.367082847211217
PZA00710.11,5,61491984,276,0.734813199373337,0.26195118917963,0.192485191400735
PZA00710.1,5,61492543,276,-0.80113830927862,0.247806564672018,-0.198527332249483
PZA00345.27,5,61898123,NA,NA,NA,NA
PZA00345.15,5,61898524,276,-0.499987866077659,0.571334242695345,-0.285660188822341
PZA00472.2,5,62415995,276,-0.550803354354029,0.345020217468958,-0.190038293101859
PZB01336.6,5,62622237,276,-0.574370197580846,0.292735213247633,-0.168138382271914
PZB01336.3,5,62622538,276,1.06627789166442,0.249291870389941,0.265814409968467
PZA03411.3,5,63013302,276,0.343509678054546,0.563677188074884,0.193628569402295
PZA03411.2,5,63013636,NA,NA,NA,NA
PZA01050.1,5,63415425,276,-0.517849908007879,0.242397349521113,-0.125525445150862
PZB00232.1,5,63417714,276,7.66879566490016,0.228917934672633,1.75552486503538
PZB00232.2,5,63418190,276,-2.67706608397891,0.271170390387265,-0.725941055085068
PZB02023.1,5,63418474,276,8.25469512595365,0.228779668236752,1.88850641231121
PZA03042.1,5,64413079,276,4.33503407534703,0.264501676875692,1.14662378224256
PZA03042.5,5,64413280,276,3.7420492280435,0.43347384574034,1.62208046982969
PHM4165.14,5,65741535,276,-1.04995456841276,0.225032934313653,-0.236274357425948
PZA00626.4,5,66131678,276,-2.15852339600978,0.25673448788605,-0.554167398664629
PZA00626.3,5,66131744,276,-1.63056054440297,0.258988114358284,-0.422295800741942
PZA00569.11,5,66901923,276,0.265989998780351,0.502801043769388,0.133740049018979
PZA00569.17,5,66902020,276,0.500948353572616,0.519968492494504,0.260477360224757
PZA03356.2,5,66971839,NA,NA,NA,NA
PZA03356.1,5,66971925,276,1.46191756585676,0.34621742273158,0.506141331896952
PZA03356.3,5,66972253,NA,NA,NA,NA
PZA03399.2,5,67946242,276,-0.648553392201872,0.334013864943392,-0.216625825151495
PZA03399.1,5,67946563,276,-0.134811215875017,0.28993116683822,-0.0390859731215227
PZB01112.1,5,68419652,276,0.183956059441673,0.273168998069325,0.0502510924464632
PZB01112.2,5,68419832,276,-0.160812134787988,0.336226063593509,-0.0540692310578339
PZB01112.5,5,68419948,276,-0.32092843108019,0.609977833904188,-0.195759229228564
PZB01112.3,5,68420111,276,0.315956176922344,0.397603363932938,0.125625238799715
PZA03201.2,5,68603801,276,1.24982092581641,0.229697706438428,0.287081000118782
PZA01349.2,5,69319346,276,-1.40270270491297,0.306847161884346,-0.43041534397004
PZA03677.3,5,71093439,276,-1.26159729312971,0.432801940296146,-0.546021756338905
PZA03677.4,5,71093557,276,2.03685293633447,0.532404628728045,1.08442993134278
PZA03677.1,5,71093631,276,1.30662223056065,0.283348147417351,0.370228988403688
PZA03677.2,5,71093680,276,0.583988243459721,0.230381756982057,0.134540237585116
PHM5798.39,5,71095193,276,-0.784053087374311,0.235256266526718,-0.184453402094427
PZA01303.1,5,72408251,276,0.502400551035594,0.273911314582301,0.137613195381032
PZA00261.6,5,75234294,276,-0.637947607528575,0.243236538513629,-0.155172167808302
PZA00261.5,5,75234342,276,0.570736032672241,0.237705380829691,0.135667025999582
PZA03622.1,5,76512885,NA,NA,NA,NA
PZA03594.1,5,76513050,276,0.617454358431997,0.227592530813239,0.140528000097203
PZA02818.10,5,77679469,276,-1.95839690144084,0.227449340402941,-0.445436083479884
PZA02818.6,5,77679565,276,-1.5399629145785,0.236813439208172,-0.364683914054376
PZB00147.1,5,80010733,276,0.0939286454697998,0.227081715253498,0.0213294779247198
PZA01779.1,5,81227637,276,1.16344105176554,0.27002460894692,0.314157715035782
PZB02425.3,5,83233487,276,0.0560925058204501,0.265950490560063,0.0149178294396919
PZB02425.2,5,83233631,276,-2.08556156475513,0.279586514410773,-0.583094888478964
PZA01693.1,5,83544273,276,-0.168755338488752,0.267471577649265,-0.0451372566223221
PZA00570.11,5,87053064,276,0.594068564164802,0.237064201893649,0.140832390033835
PZA00570.19,5,87053407,276,1.86271064689828,0.63766740368266,1.18778986201967
PZA03049.23,5,88604674,276,-1.02555422539863,0.231388692172555,-0.237301650967026
PZA03049.15,5,88604788,276,0.811660363132881,0.231402051401664,0.187819873070368
PZA03049.14,5,88604820,276,1.03405177147279,0.245992270518809,0.254368743098589
PZA03049.24,5,88604977,276,-0.0523614295449541,0.431520815612269,-0.0225950467838629
PZA00643.13,5,91096945,276,0.439471809892008,0.259443099077684,0.114017928315661
PZA00643.11,5,91097032,NA,NA,NA,NA
PZA03284.3,5,91651999,276,0.0378266480014919,0.292889190499243,0.0110790163124568
PZA03284.4,5,91652139,276,-0.304665682709816,0.610934789673867,-0.186130864787167
PZB02059.1,5,92520604,276,-1.0781776724064,0.226445005745943,-0.244147949223214
PZB02059.3,5,92520689,276,0.499153805697521,0.34487188295216,0.172144112853641
PZA00547.8,5,92862112,276,0.0499304511250537,0.298091747382848,0.0148838554234811
PZA00547.6,5,92862322,276,0.854419909156551,0.226751599960884,0.193741081439681
PZA00249.2,5,100227859,276,-0.385713924349745,0.242338844049556,-0.0934734665607352
PZB01632.2,5,123268218,276,-0.808827360409169,0.262432766495147,-0.212262801809146
PZA00031.5,5,123268237,276,-0.0290511312311315,0.340213281086381,-0.00988358067541428
PZB01632.1,5,123268841,276,-0.988667554949831,0.345367216239355,-0.341453361239193
PZB01632.3,5,123269020,276,1.18235166833609,0.67697090159023,0.800417674910197
PZA00524.2,5,132594432,276,-0.588842734714171,0.245146372701084,-0.144352660506566
PZB00969.1,5,132772317,276,0.229195524333307,0.243559845341849,0.0558228264596643
PZB02491.1,5,132786876,276,-0.252627068180829,0.245552686994674,-0.0620332553993892
PZA00067.8,5,145121054,276,0.0712312704285913,0.248742903442551,0.0177182730223093
PZA00067.10,5,145121179,276,1.16035364618531,0.338609549345919,0.392906825216701
PZA00067.9,5,145121333,276,-1.3093902272912,0.330203256321224,-0.432364916846743
PZA02822.2,5,148711030,NA,NA,NA,NA
PZB01017.1,5,158032440,276,2.11924886302725,0.229535944777274,0.486443789993122
PZB01017.2,5,158032493,276,-0.141784260208231,0.297779783693549,-0.0422204863359569
PZB01017.4,5,158032589,276,-1.0256535796775,0.234430718358215,-0.240444705470471
PZB01017.3,5,158032721,276,-0.580834005546683,0.248071314339589,-0.144088255169094
PZB01017.5,5,158032820,276,-0.259003294022733,0.392917368020626,-0.101766892596085
PZA01608.1,5,158599491,276,1.02146091993931,0.3015157951784,0.30798660151916
PZA00573.11,5,160173844,276,-0.226902620721971,0.727673777889575,-0.165111087233802
PZA00573.3,5,160173922,276,0.385442795542629,0.330295450304288,0.127310001720296
PZA01796.1,5,160321846,276,0.883285115757868,0.240822612932641,0.21271502954132
PZA02965.13,5,163580663,276,-1.51590382089612,0.357510460885761,-0.541951473667057
PZA00595.3,5,165094873,276,0.555297019307329,0.530109827101914,0.294368406895217
PZA00595.4,5,165095136,276,1.43837496972101,0.473484966469823,0.681048924309385
PZA02981.2,5,166468431,276,-2.84243822524057,0.234515657976774,-0.666596270650625
ae1.7,5,167873309,276,-0.373869936602836,0.221830127352318,-0.0829356156498102
PZB00619.1,5,167873609,276,1.71401167132423,0.292321362191417,0.501042226573487
PZB01331.2,5,167874494,276,-1.8858409447266,0.314729132389476,-0.593529084358351
ae1.8,5,167884630,276,-1.9305563774403,0.363601216432796,-0.701952647229385
ae1.1,5,167889542,276,0.944374156053045,0.265965121143215,0.251170586819169
PZA02807.5,5,167939710,276,-0.641041794472805,0.621488629767588,-0.398400186470659
PZA00674.3,5,168637658,276,-1.22149954953501,0.251362000391855,-0.307038570248869
PZA00674.4,5,168637782,276,-0.444981706105856,0.226903372509843,-0.100967849820602
PZB02151.1,5,168867197,276,-1.83021134949944,0.24300548590945,-0.444751398302102
PZB02151.2,5,168867279,276,0.811458133771865,0.41500336516326,0.336757856204423
PZA02641.2,5,168924730,276,-0.796605761628975,0.276903541193272,-0.220582956330026
PZA00470.1,5,169327292,276,1.96526694939194,0.270202604359591,0.53102024798753
PZA00255.15,5,169719615,276,-0.96779897744264,0.448570473009955,-0.434126045089996
PZA00255.14,5,169719641,276,2.35036092423223,0.265195939059709,0.623306172431013
PZB00204.1,5,169853770,276,-0.896690430057841,0.22657880640311,-0.203171047355597
PZB00204.2,5,169853895,276,-0.411106547469886,0.241059658628696,-0.0991012039931125
PZA02040.2,5,171389177,276,0.153804857618637,0.249992505823685,0.0384500617639383
PZA00300.11,5,171688991,276,-0.391892847381688,0.235382930540016,-0.0922448868743727
PZA03704.1,5,171869817,276,-0.102974865102178,0.263236826206933,-0.0271067766685844
PZA03094.17,5,173094159,276,0.370388025892348,0.722294818266504,0.267529351850003
PZA03094.9,5,173094268,276,-1.66596534229518,0.23139294608402,-0.385492628627555
PZA03094.6,5,173094351,276,0.527819400447081,0.227569262366901,0.120115471622682
PZA03718.1,5,175459060,276,1.52516930981051,0.258695126723277,0.394553867875882
PZA03717.1,5,175459765,276,-1.96148037772285,0.246463487701456,-0.483433294951543
PZA03716.1,5,175460472,276,0.440768749856403,0.580502949893253,0.255867559512403
PZA03716.2,5,175460577,276,-0.936603236274256,0.588382856605495,-0.551081287664999
PZA03714.4,5,175462637,276,0.0106585682830888,0.609154911245281,0.00649271921648675
PZA03714.3,5,175462855,276,1.34929835541943,0.235994826762531,0.318427431638176
PZA03714.2,5,175462981,276,0.852075341997581,0.221915540155367,0.189088759772463
PZA03714.1,5,175463023,276,0.905217374217762,0.233021898607712,0.210935471192911
PZD00056.3,5,176459414,276,0.337146101783429,0.284807350303594,0.0960216879141242
PZD00056.4,5,176459531,276,0.775169118787117,0.247071951314631,0.191522546777576
PZD00056.1,5,176459677,276,0.314261794128651,0.311357411655495,0.0978477388021086
PZD00056.2,5,176459761,276,1.81608798810956,0.285688963688462,0.518836295290086
PZD00056.5,5,176459946,276,0.653171667961284,0.544595995190839,0.355714674543835
PZB00213.4,5,176901695,276,0.951360776205601,0.41471265384247,0.394541352261857
PZA02633.4,5,179953106,276,2.12874209923931,0.225801356864978,0.480672854423838
PZA02408.2,5,180413515,276,0.0544753068655273,0.24056656480324,0.0131049374392422
PZA02209.2,5,180428220,276,-0.628523285451893,0.22368093479953,-0.140588676033151
PZA03324.1,5,181256363,276,1.46354291359213,0.272543955679354,0.398879774976887
PZA02834.38,5,181672656,276,-1.56936117273915,0.22387590930174,-0.351342159569822
PZA01575.1,5,182337306,276,-0.993245897105524,0.437356876896793,-0.434402923548626
PZA00603.1,5,183706112,276,1.61511519370035,0.234638300275636,0.378967883799204
PZB00136.2,5,184587393,276,0.113279446707569,0.37286062058632,0.042237444799059
PZB02033.2,5,184588852,276,1.53333127632612,0.283218575454827,0.434267899781416
PZB02033.1,5,184588958,276,0.989239785055607,0.226926676153678,0.224484896341647
PZA03161.1,5,185596985,276,-0.339300552248887,0.304609255956198,-0.103354088766061
PZA02788.12,5,187896409,276,1.50352439280829,0.279039315643226,0.419542417622123
PZA03172.2,5,188293932,276,1.02240693287949,0.497920235050764,0.509077100336889
PZA03172.3,5,188294198,276,1.04111386733011,0.681870733349662,0.709905076216882
PZB02005.2,5,188557212,276,-0.346261260979724,0.56617643318318,-0.19604496569101
PZB02005.1,5,188557321,276,-0.149652442206799,0.230409020244146,-0.0344812725860123
PZA02383.1,5,189143556,276,0.0819335405888596,0.231416396422417,0.0189607647092037
PZA03320.1,5,190229644,276,-0.0344953281185761,0.233004988952721,-0.00803758354718931
PZA03320.6,5,190229745,276,-0.961503602676592,0.244199041000103,-0.234798257691768
PZA03320.4,5,190229809,276,1.25475194987039,0.378807219112797,0.475309096806762
PZA03320.3,5,190229872,276,0.561366554188251,0.2313756661421,0.129886560425202
PZA03320.2,5,190229927,276,0.409153293414933,0.23061549951592,0.0943570911394686
PZA00352.22,5,191075724,NA,NA,NA,NA
PZA02411.3,5,192326110,276,-0.32404048564658,0.315024279573406,-0.10208062054343
PZA00715.3,5,192778685,276,-1.26387168810309,0.296928959547991,-0.375280105350615
PZA00715.1,5,192778844,276,-0.168563916681091,0.265365474635177,-0.0447310437564421
PZA03050.11,5,193208168,276,0.398165861665196,0.223824495174753,0.0891192729830328
PHM532.23,5,193208321,276,-0.606006322590999,0.258545969266166,-0.156680492055715
PZA03312.2,5,193296367,276,-1.22355344860744,0.282613829111409,-0.345793125233419
PZA03312.3,5,193296378,276,-0.828908325405734,0.234332053998009,-0.194239790468376
PZA03312.1,5,193296408,276,0.225719231006291,0.226772465026994,0.051186906419294
PZA03618.3,5,193521420,276,0.718319461321613,0.301609356154508,0.216651870242465
PZA03618.4,5,193521685,276,-1.02929979746834,0.221599604062528,-0.228092427580624
PZA03618.2,5,193521810,276,0.789191588540195,0.322145762760467,0.254234726254426
PZA03618.1,5,193521948,276,-0.788018728754823,0.231937241864396,-0.182770890484881
PZD00017.2,5,195724183,276,1.44121949734325,0.317476148405892,0.45755281502401
PZA00652.14,5,198380640,276,1.18316847018412,0.364781602823265,0.431598090963712
PZA00652.17,5,198380653,276,-1.16991234219725,0.258642023335011,-0.302588495310499
PZA03024.7,5,198534067,276,0.346917334132838,0.64514860333458,0.223813233588356
PZA03024.16,5,198534153,276,0.0199150894610399,0.225088171555594,0.00448265107315154
PZB02283.1,5,199528414,276,1.18044805906077,0.271650925978293,0.320669808313137
PZB02424.2,5,199531191,276,-1.47252567724327,0.286966397484779,-0.422565388802335
PZB02424.1,5,199531408,276,0.0527032989586114,0.221540056553216,0.0116758918318318
PZA01142.4,5,199697937,276,1.02964402556972,0.325332090554958,0.334976243366019
PZB01376.1,5,199784965,276,-2.23892649190251,0.251018848735862,-0.562012750401591
PZA03680.1,5,200752538,276,3.03760444730803,0.245856634978085,0.746815207809619
PZA03683.1,5,200755109,276,3.34344307255913,0.241721584643663,0.808182357664869
PZA02820.17,5,200813183,276,0.643184425413454,0.272647670333751,0.175362735183931
PZA02820.16,5,200813185,276,1.06209935006271,0.272940669008956,0.289890107160095
PZA02820.7,5,200813276,276,-0.893668093429144,0.315002448147538,-0.281507637261523
PZA02820.6,5,200813312,276,-0.205766991793967,0.348173001942833,-0.071642511233652
PZA01265.1,5,201139510,276,0.895228411521505,0.277164210343811,0.248125275756703
PZB00765.1,5,202174585,276,-0.121707087449612,0.243468380053014,-0.0296318274223277
PZA02060.1,5,202342720,276,0.382772012036792,0.242389255099344,0.0927798228704754
PZA02667.1,5,202777978,276,-0.557733930387474,0.733798343418903,-0.409264234186843
PZA00395.2,5,202847197,276,-0.920489432958818,0.241528494171521,-0.222324426643341
PZA00395.1,5,202847226,276,0.862635717213582,0.24522174534501,0.211537036172059
PZA03353.1,5,203211587,276,-1.30456877389738,0.504151361656947,-0.657700123735499
PZA00980.1,5,203778506,276,-0.301153126151711,0.243410248057503,-0.0733037571398805
PZB00023.1,5,204103838,276,1.50470555809301,0.274860987843973,0.413584856111761
PZA02068.1,5,204198466,276,1.51784082393842,0.242608795759757,0.368241534450697
PZB02189.5,5,204516414,276,0.633199734550177,0.248132982322878,0.15711773853999
PZB02189.4,5,204516488,276,0.83794001408071,1.46836398589428,1.23040093901586
PZB02189.3,5,204516565,NA,NA,NA,NA
PZB02189.1,5,204516691,276,-0.630953016826069,0.248078695544672,-0.156526001364187
PZB02189.6,5,204517020,276,0.709596917495481,0.252155380550863,0.178928680768792
PZB01987.1,5,205076873,276,-0.507676887591534,0.370284678873924,-0.187984973293545
PZB00686.1,5,205811176,276,0.755673801466763,0.294675421516131,0.222678495975915
PZB00686.2,5,205811393,276,-1.31992193996975,0.342531356516337,-0.452114652593515
PZB02420.1,5,205811670,276,0.429885497346001,0.560444960025084,0.240927160375443
PZA00545.4,5,206664777,276,-1.7684657645924,0.249626994143036,-0.441456793060067
PZA00545.21,5,206665028,276,0.081071625041242,0.542245715719946,0.0439607413450673
PZA03167.2,5,207603095,276,-0.320071322269506,0.240265746414645,-0.0769021751510051
PZA03167.3,5,207603154,276,0.475875881743368,0.246195964769383,0.117158721816289
PZA03167.5,5,207603495,276,0.601703740281078,0.236924411080798,0.142558304311208
PZA00167.7,5,207870558,276,-1.13375808890028,0.231965019421806,-0.262992217111383
PZA01259.1,5,207926607,276,-0.155913912413389,0.239896141885774,-0.0374031460542885
PZD00041.2,5,208729875,276,-1.98362429013895,0.606705428951581,-1.20347562582753
PZD00041.1,5,208730143,276,-1.29227472525698,0.504789267767732,-0.652326412317219
PZA01680.3,5,208901002,276,1.15839305292085,0.498613749754215,0.577590703806095
PZB01302.1,5,209098791,276,0.169242014145137,0.673076334867092,0.113912794586334
PZA00448.5,5,209498142,276,-0.73299075384561,0.306362483384433,-0.224560867645968
PZA00448.6,5,209498196,276,-0.602747776285407,0.26396879294633,-0.159106602957143
PZA00500.5,5,210743837,276,-0.666430719263773,0.260929323745806,-0.173891316900927
PZA00500.3,5,210743871,NA,NA,NA,NA
PZA03335.1,5,210890745,276,-0.330202642020495,0.294090962053818,-0.0971096126645198
PZA03339.3,5,210890786,276,-2.18264312411917,0.387406451920291,-0.845570028523226
PZA03335.2,5,210890886,276,-0.509708655328561,0.284706338891986,-0.145117285160152
PZA03222.4,5,211815236,276,0.972498105195856,0.587125700882369,0.570978631619892
PZA03222.1,5,211815347,276,1.41359532584802,0.22700797876831,0.32089741771709
PZA02390.1,5,211884165,276,1.10797882452758,0.245982842384703,0.272543780559356
PZA00433.3,5,213271422,276,2.77471541803443,0.277039248614877,0.768705074532373
PZA00433.5,5,213271532,276,0.589967866120202,0.255431900506223,0.150696613280684
PZA02817.3,5,214237451,276,-0.982054930457492,0.242550025751477,-0.23819744867183
PZA02817.15,5,214237678,276,1.15168091893072,0.242062737588549,0.278779036064866
PZA00069.4,5,214424975,276,1.85355379958149,0.312195812449632,0.578671734379447
PZA00069.2,5,214425081,276,-1.62359477533567,0.225794004454175,-0.366597965933918
PZA00408.7,5,214442805,276,-2.27274798901137,0.339744588376735,-0.77215383001072
PZA03307.1,5,214935596,276,-0.128413700403308,0.42969703570842,-0.0551789864076507
PZA02480.1,5,214953055,276,-0.770666742643695,0.294448752747143,-0.22692186115514
PZA02769.1,5,215505432,276,-0.706252675320945,0.226994240938016,-0.160315289944921
PZA01060.1,5,216431558,276,0.622711002648074,0.246740621598619,0.153648099869685
PZA00606.3,6,2379148,276,-0.410325351698186,0.232189726352374,-0.0952733311262433
PZA03003.11,6,6321806,276,0.190664093800132,0.256616728274297,0.0489275959503737
PZA03003.10,6,6321890,276,0.279574854415543,0.354274263360965,0.0990461756023155
PZA03290.1,6,9243581,276,-0.382835921984923,0.308580263659311,-0.118135609744363
PZA03290.2,6,9243719,276,-1.77561002230395,0.371289879759849,-0.659266031681617
PZA03290.3,6,9243743,276,2.18195439425419,0.369995315077682,0.80731290358721
PHM15961.13,6,9561803,276,1.89560210753587,0.239976633328481,0.45490021189683
PZA00503.5,6,12075777,276,-0.863197166981389,0.295985646420452,-0.255493971457289
PZA00158.2,6,14057156,276,1.86474228670699,0.238546104285471,0.444827007990334
PZA00233.8,6,19092580,276,1.90338548065163,0.281990205248503,0.536736062355975
PZA03047.20,6,20837292,276,-0.340643438656018,0.37577702001356,-0.12800597626533
PZA03047.12,6,20837504,276,0.826915255063287,0.239651884721727,0.198171799381065
PZA00440.15,6,22403926,276,-0.597957706417914,0.273810117127204,-0.163726869631403
PZA00440.1,6,22404308,276,-0.0886153348741305,0.233838916532362,-0.0207217138951191
PZA00501.12,6,23874393,276,-0.571675012263852,0.451308756816167,-0.258001939087666
PZA03204.2,6,24265182,276,0.345055012137679,0.247165163018626,0.0852855783254032
PZA03204.1,6,24265211,276,-0.169964372977224,0.220767842697578,-0.0375226679576283
PZA03195.2,6,24328659,276,1.67801168551392,0.25607996785744,0.429705178490811
PZA02948.24,6,25035106,276,-0.845449570463302,0.256800275464152,-0.217111682586025
PZA03588.2,6,25189392,276,1.26051805324261,0.323218537936467,0.407422802211599
PZA03063.17,6,25335322,276,-0.633198372258086,0.533089999947678,-0.337551720233933
PZA03063.18,6,25335362,276,-0.475781213229729,0.422239999131257,-0.200893859060789
PZA01509.1,6,31892075,276,0.862515677642076,0.238767733793591,0.205940913712042
PZA00540.3,6,32496071,276,-0.774119972324266,0.225422115700422,-0.174503761967288
PZA00462.2,6,36605422,276,0.176495957082951,0.233964332561043,0.0412937587986351
PZA00489.1,6,51443123,NA,NA,NA,NA
PZA02836.17,6,57633518,276,-0.72342542738855,0.225630709071,-0.16322699214167
PZA03120.1,6,57774238,276,-1.48059746636912,0.241623366347121,-0.357746944029126
PZA03120.3,6,57774504,276,0.117362927483771,0.305197407340569,0.0358188611859462
PZA00582.1,6,62407399,276,2.45860073067102,0.291358972382977,0.716335382388343
PZA00582.4,6,62407447,276,-1.26979941202481,0.290113053439248,-0.368385384677879
PZA03090.31,6,69840279,276,1.12446846312711,0.329215530024033,0.3701924810837
PZB00236.2,6,75187712,276,1.71771623197594,0.525844954735999,0.903252414252679
PZA03668.2,6,78304583,276,0.850053470264163,0.964538286740778,0.819909117846649
PZA03668.4,6,78304837,276,1.59123858968434,0.728533448612918,1.15927053730869
PZA03668.1,6,78304925,276,1.09211003775802,0.229833147457864,0.251003087348252
PZA03668.3,6,78305004,276,-0.889379977957376,1.1368679747295,-1.01110761430537
PZA03667.1,6,78308523,276,1.25020573818721,0.230454542926697,0.288115591958268
PZA03667.2,6,78308633,276,-1.50716429800506,0.628922349003497,-0.947889310635551
PZA00355.2,6,78756245,276,-0.683335928712685,0.233111363168308,-0.159293369844096
PZB01092.2,6,80278320,276,-0.622455955977816,0.253935862827625,-0.158063890253421
PZB01092.10,6,80278345,276,1.80790734775952,0.80664562462628,1.45834055179992
PZB01092.5,6,80278446,276,1.07006696316441,0.404366808425388,0.432699562696239
PZB01092.3,6,80278699,276,-0.480382791679742,0.323119381432461,-0.155220990498357
PZB01092.4,6,80278795,276,0.713449351203227,0.315907821567883,0.225384230337631
PZA00543.2,6,80533898,276,-1.24481396057767,0.400026570559496,-0.497958659634469
PZA00543.4,6,80534176,276,-1.57251438460925,0.377938815654031,-0.594314224118146
PZB00645.1,6,80874917,276,0.0892536743124516,0.280979465892202,0.0250784497372292
PZB00711.3,6,80876967,276,0.213171015491571,0.416156564879374,0.0887125175388199
PZB00711.1,6,80877074,276,0.431202270476262,0.305934508998509,0.131919654897198
PZB00711.2,6,80877173,276,-0.042285628713919,0.420622975302628,-0.0177863069621909
PZB01446.1,6,81339917,276,1.3415084476807,0.410715625106999,0.550978480675499
PZB01446.3,6,81339988,276,-1.44487887869302,0.718800604592791,-1.03857981156789
PZB01446.2,6,81340153,NA,NA,NA,NA
PZA03069.4,6,81808364,276,0.459614556022895,0.24783227139163,0.11390731938381
PZA03069.6,6,81808425,276,-0.314398914935933,1.46507866819023,-0.460619143574789
PZA03069.8,6,81808446,276,0.802796311558359,0.24184598450492,0.19415306432575
PZA02606.1,6,82066399,276,-1.38439683726295,0.230196385828067,-0.318683148489739
PZA03296.3,6,83064553,276,-0.220740483199568,0.508431030902676,-0.112231311435111
PZA03296.1,6,83064586,276,-1.33829486455244,0.257856362745642,-0.345087846054665
PZA03296.8,6,83064592,276,0.141653940693698,0.418946029062831,0.0593453559547264
PZA03296.7,6,83064683,276,-2.59932592646952,0.232835903267795,-0.60521639997693
PZA03296.2,6,83064740,276,0.466408312088701,0.305077002812794,0.142290449938995
PZA03296.5,6,83064850,276,0.0173102639069674,0.453789557268229,0.00785521699453895
PZD00072.2,6,83625470,276,-0.354550175777802,0.234403016361048,-0.0831076306536566
PZA03413.1,6,83998944,NA,NA,NA,NA
PZA00387.1,6,84289867,276,-1.7223549413629,0.23762930511836,-0.409282007883241
PZB01009.4,6,84664768,276,1.159678669118,0.297044461236392,0.344476125475493
PZB01009.1,6,84664843,276,0.668232643511957,0.226356052223882,0.151258503152495
PZB01009.5,6,84664867,276,-0.900808023160309,0.633346955873187,-0.570524019294725
PZB01009.2,6,84665035,276,-2.21214936903941,0.334081594911475,-0.7390383893911
PZA00022.2,6,84752003,276,-0.445842759242683,0.224352099499103,-0.100025759082569
PZA00006.13,6,85125129,276,3.51318527941354,0.282140701873891,0.99121256054676
PZA00006.9,6,85125362,276,1.32073261595726,0.337149167377542,0.445283901798353
PZA03522.1,6,87790780,276,1.22699495053318,0.234358747122421,0.287556999332493
PZA03522.2,6,87791252,276,1.13782669116639,0.380393436566199,0.43282180526953
PZA03523.2,6,87791607,276,-0.770013656385809,0.266124592472299,-0.204919570503778
PZA03523.1,6,87791839,276,0.215111052090955,0.254169289910121,0.054674623361777
PZA03732.1,6,89098725,276,-2.2877040803125,0.242857161153309,-0.555585318503535
PZA03732.2,6,89098939,276,2.9304898436325,0.280530589145004,0.822092042317674
PZA03732.3,6,89099054,276,-0.0290566812059078,0.387299594937483,-0.0112536408612757
PZA03213.1,6,89828654,276,-1.26997646700136,0.260267916475811,-0.330534129039754
PZA03213.2,6,89828710,276,1.80122084400399,0.481642749938574,0.867544960552762
PZA00214.1,6,91704093,276,-1.65879354705856,0.220331999610079,-0.365485299163707
PHM8909.12,6,91883155,276,1.15640874943828,0.234564945815819,0.271252955652929
PZA00578.2,6,92705427,276,-0.14039149393142,0.364939657945815,-0.0512344237738342
PZA00578.1,6,92705503,276,-0.177169988874746,0.411533205298702,-0.0729113334043596
PZB01881.12,6,93263489,276,-0.215141909263292,0.583397317641286,-0.125513212776429
PZB01881.10,6,93263605,276,-0.598433316957784,0.551528744756392,-0.33005317612213
PZB01881.11,6,93263819,276,-0.717194875481756,0.499322852844885,-0.358111791271282
PZB01881.8,6,93264181,NA,NA,NA,NA
PZB01881.9,6,93264332,NA,NA,NA,NA
PZB01877.1,6,93266925,276,-3.10861081461755,0.2849090820889,-0.885671453764315
PZA02970.6,6,98507637,276,-1.58580979681353,0.485165357355796,-0.769379976769357
PZA02970.9,6,98507715,276,-1.90476336209608,0.351143624728233,-0.668845511215953
PZA00942.2,6,102566000,276,0.246739692044399,0.285119217667376,0.0703502279631882
PZB01658.2,6,102953670,276,1.39517679667491,0.248269212308191,0.346379444341145
PZA03461.1,6,107548070,276,0.664896569244748,0.301499430829422,0.200465937187727
PZA00187.2,6,107666299,276,0.556722149736499,0.232055967833413,0.129190697271401
PZA00187.8,6,107666382,276,-0.544226414368021,0.735164239329,-0.400095797941616
PZB00857.1,6,113382498,276,-1.01255805424658,0.24849394978794,-0.251614550289324
PZB00857.2,6,113382607,276,2.40177725927043,0.268056815365162,0.643812763336499
PZB00565.2,6,113384656,276,-1.55417449367041,0.273467477261395,-0.425016178008052
PZB00555.3,6,113384662,276,-0.344878209828062,0.821490233803874,-0.283314081225516
PZB00555.2,6,113384758,276,-0.207535217555479,0.318837882352527,-0.0661700892789598
PZB00565.5,6,113385082,276,0.563712598091544,0.484732334746616,0.273249723798995
PZB00563.4,6,113385214,276,-0.71522724914615,0.492562663009295,-0.35229423849624
PZB00563.1,6,113385259,276,0.694183780531327,0.230776113183148,0.160201034705803
PZB00562.1,6,113385418,276,0.392300900971064,0.324680947001201,0.12737262803671
PZA00182.4,6,113705211,276,-0.34240223470838,0.236552287382678,-0.0809960318252078
PZA00182.3,6,113705266,276,-0.030492168444559,0.234926574521813,-0.00716342068242237
PZA01029.1,6,114031392,276,-1.62500245936166,0.243404891568433,-0.395533547419361
PZA03041.8,6,115280978,276,-2.01358460846887,0.237605369406601,-0.478438514726693
PZA03219.2,6,118089114,276,0.0628416238504325,0.307449159293917,0.01932060442148
PZA03219.3,6,118089131,276,-0.932669073984384,0.275547611495693,-0.256994735652296
PZA01736.1,6,118221553,276,1.13901479817908,0.386739776395396,0.440502328358823
PZA00382.17,6,118741714,276,0.484636853845257,0.359421512152613,0.174188910853947
PZA00382.22,6,118741880,276,0.791236744766448,0.374774957432936,0.296535717339221
PZA01055.1,6,120059553,276,0.245588811706708,0.336728744398882,0.0826968122044133
lac1.3,6,120230802,276,-0.143909518084691,0.238648171620664,-0.0343437433697225
PZA00571.2,6,120679865,276,-1.28783234825712,0.240979207480303,-0.310340818650497
PZA00571.1,6,120679943,276,1.9664270585106,0.273610166947291,0.538034435768755
PZA00003.5,6,121839487,276,1.17415974618383,0.282702233853413,0.331937583146925
PZA00003.11,6,121839592,276,1.1190489584681,0.276020607483241,0.308880573319854
PZA00041.3,6,122849505,276,-1.51042380158222,0.238256625301335,-0.359868477739794
PZA01729.1,6,123998706,276,0.775291066439532,0.366761493801396,0.28434690965824
PZA00536.2,6,124027590,276,0.607411016321191,0.230627724039431,0.140085820250634
PZA00473.5,6,124407006,276,0.561230519173739,0.225229330771231,0.126405574241892
PZA00473.9,6,124407201,276,0.80665466873788,0.473012636157679,0.381557851328604
PZA01591.1,6,125113941,276,-1.57136105289177,0.258302114944759,-0.405885883303767
PZA01618.2,6,129927781,276,-0.55823765867427,0.231131599606591,-0.129026363010022
PZB00416.6,6,131405776,276,0.775986530107969,0.658389459065879,0.510901351800194
PZA00510.3,6,131576037,276,-1.50343332782225,0.295604179362586,-0.444421175097259
PZA00510.2,6,131576099,276,-1.52797933499046,0.288336908722768,-0.440572838043421
PZD00011.4,6,132084516,276,-0.778903552202322,0.384308134679707,-0.299338971242272
PZD00011.5,6,132084649,276,0.815126742791801,0.239334229890566,0.195087731249281
PZD00011.1,6,132084997,276,0.329809695174167,0.241920098780429,0.0797875940352775
PZA01884.1,6,132316837,276,-1.4133998643708,0.226901019454262,-0.320701870122251
PZA00250.1,6,133090099,276,-1.25397893114521,0.267337862900478,-0.335236047574586
PZA00357.19,6,134646802,276,1.73981337238168,0.272887209456439,0.474772816164233
PZA02262.3,6,135105656,276,-0.33578071169533,0.291408424824114,-0.0978493282814563
PZA03750.2,6,137325576,276,-0.891750620380246,0.245708916708858,-0.219111078908082
PZA03555.1,6,137325669,276,-0.526348225452351,0.300656727094029,-0.158250134776254
PZA03550.2,6,137326008,276,1.70701112583277,0.809419384919988,1.38168789552314
PZA03550.1,6,137326250,276,-0.763692647888188,0.532560078707038,-0.40671221666732
PZA01072.1,6,137479485,276,-1.42106895031351,0.294847957424999,-0.418999277360026
PZA02187.2,6,139105889,276,0.533248269623401,0.475624892881162,0.253626151118695
PZA02187.1,6,139106115,276,0.394784948706258,0.225990532910779,0.0892176609432819
PZA03068.13,6,140541669,276,-2.03880944777634,1.04299886454658,-2.12647593905756
PZA03068.11,6,140541768,276,-1.09373189580215,0.890823352903517,-0.974321914595993
PZA03546.1,6,140894135,276,0.224933382244388,0.256533256691211,0.057702893085722
PZA00439.6,6,141805491,276,-0.838387345520909,0.336016814880672,-0.281712245478197
PZA02673.1,6,142648706,276,-1.21409287596529,0.238723923588261,-0.28983301495099
PZB00942.1,6,144744222,276,0.319886472731251,0.261265767645737,0.0835753848576173
PZB01308.1,6,144744486,276,-1.12396500572315,0.329628568741406,-0.37049097615195
PZB01308.3,6,144744591,276,-1.45594407030413,0.304736524815831,-0.443679336310695
PZA03102.9,6,145827559,276,0.446708324566426,0.258725944878772,0.115575033358662
PZA03102.2,6,145827685,276,0.0393343188670776,0.378536964910521,0.0148894936807662
PZB02514.1,6,146163830,276,-1.77284854887608,0.254622528926413,-0.451407180918349
PZB02514.2,6,146163940,276,-0.834247680481185,0.235105441918629,-0.196136169589121
PZB02514.3,6,146164106,276,-1.13854929312955,0.278473628097065,-0.317055952425134
PZB01549.1,6,146285427,276,0.9389639099102,0.604221995929646,0.567342647751845
PZA02811.4,6,146286168,276,0.1628800818666,0.36217540298744,0.0589911592886629
PZA02811.5,6,146286305,276,-1.49409170117077,0.257686807891457,-0.385007721171811
PZA02247.1,6,146544292,276,1.39914377637986,0.231868147364159,0.324416875325292
PZA03745.1,6,147142571,276,-2.83565661172924,0.224254096122758,-0.635907610377861
PZA00721.4,6,147302259,276,-0.422687025069172,0.347419721340022,-0.146849808463575
PZA00721.5,6,147302331,276,-0.122220792150425,0.348816968589682,-0.0426326862165407
PZA01144.1,6,147820659,276,1.74300428927905,0.301530612004477,0.525569150072742
PZA01342.2,6,148798630,276,-0.736629850031592,0.334666646738398,-0.246525441797482
PZA02436.1,6,149251173,276,2.00918180755452,0.296957852506976,0.596642314867473
PZA00443.4,6,149644390,276,-0.422626800765881,0.82317125929696,-0.347894235799096
PZA02472.2,6,149648334,276,2.92541390952118,0.618909879774989,1.81056757103383
PZA00241.6,6,150470602,276,-0.561506209790284,0.333220436735095,-0.187105344455786
PZA02830.8,6,151958886,276,1.73712355528447,0.284604119093466,0.494392519208247
PZA02958.17,6,151993489,276,-1.45985748072077,0.233957282345482,-0.341544288801152
PZA03318.1,6,153498534,276,-0.67046736134956,0.345616908092209,-0.231724856406377
PZA01672.1,6,154495634,276,-0.837616849443186,0.235981839529523,-0.197662364952526
PZA03646.1,6,155618820,276,0.507984186110777,0.22421413447161,0.113897234614093
PZA03646.2,6,155619139,276,-0.167947291685822,0.354784605998864,-0.0595851137093306
PZA03027.12,6,156645239,276,-1.61323553446043,0.277141207019613,-0.447094043227295
PZA03027.23,6,156645387,276,2.64839437433983,0.356009221127753,0.942852818447845
PZA03027.25,6,156645441,276,1.34001908906014,0.300839613470692,0.4031308247962
PZA00223.2,6,156740198,276,-0.702246623835725,0.229638130445749,-0.161262601809475
PZA00223.4,6,156740239,276,0.613619782249488,0.233195116729156,0.143093136748989
PZA00042.5,6,157129197,276,0.291053914432821,0.266078499977585,0.0774431889648893
PZA00042.2,6,157129313,276,-0.209772312669123,0.263032383644814,-0.0551769114240445
PHM4748.16,6,158540019,276,1.0098575834498,0.269537835691536,0.272194827399742
PZA03348.3,6,159808180,276,0.617114206579569,0.37722189895766,0.232788992879695
PZA03348.1,6,159808188,276,-0.706698094804614,0.338000293653085,-0.238864163568035
PZA00124.2,6,159890587,276,-1.60647855485465,0.240591816697895,-0.386505593998689
PZA00124.3,6,159890611,276,-0.210779990802432,0.248929649001899,-0.0524693891270729
PZB01569.10,6,160748446,276,-0.145594692575258,0.225594764860221,-0.0328454004364115
PZB01569.8,6,160748709,276,-0.42714196638768,0.239871900263347,-0.102459355159636
PZB01569.7,6,160749024,276,1.97248713794714,0.354380466713768,0.699010912532611
PZB01569.11,6,160749026,276,2.49409965191868,0.351857098890243,0.877566667867273
PZB01569.9,6,160749106,276,-1.15628707714874,0.278333977939195,-0.321833981822494
PZA00266.5,6,161570166,276,-0.499658690846439,0.289285188576189,-0.144543858605244
PZA01468.1,6,161663671,276,2.69680425529171,0.237996839121834,0.641830888489738
PZB01388.1,6,161663864,276,-1.23266321160194,0.233067392773052,-0.28729360089532
PZA03151.1,6,162212191,276,0.431448119224971,0.231338391230608,0.0998105138009764
PZA03151.2,6,162212222,276,-0.49447020827178,0.318699837002083,-0.157587574778602
PHM7922.8,6,163120296,276,0.190822967010494,0.281851541930281,0.0537837474876188
PZA00821.1,6,163933232,276,-1.27504452566952,0.359851347228549,-0.458826490338565
PZB01222.1,6,164419435,276,0.610079060069686,0.255047767299611,0.155599302147019
PZA00198.39,6,164470369,276,0.950825631978492,0.339378257074208,0.322689545762343
PZA03449.4,6,164631981,276,-2.06941825403563,0.416868705027792,-0.86267570772071
PZA03449.3,6,164632333,276,1.68336896404559,0.247116262593098,0.415987846960162
PZA02141.1,6,164999362,276,-0.611413835598642,0.36103420477612,-0.220741307924473
PZA03089.12,6,165724924,276,0.59314069254957,0.244624204968574,0.145096570349448
PZA00910.1,6,166688213,276,-0.169738207555832,0.253236453390942,-0.0429839016863743
PHM4468.13,6,167527305,276,-0.403910448503137,0.230778057444072,-0.093213668686918
PZA02815.25,6,167883450,276,-0.424189962363273,0.397441033803266,-0.168590497170628
PZA01426.1,7,729478,276,0.484054694845356,0.396239618466072,0.191801647602235
PZB00140.1,7,2081333,276,0.792215451329187,0.235158548274206,0.186296235454967
PZD00057.2,7,2091465,276,-1.1139923514541,0.219288663815015,-0.244285894250515
PZD00057.1,7,2091822,276,-0.716293465828198,0.241942580323049,-0.173301889391014
PZD00057.4,7,2092048,276,1.54806373627868,0.283610996037368,0.439047898175326
PZD00057.3,7,2092320,276,-0.228901243829521,0.253564761532279,-0.0580412893060744
PZA02035.5,7,2585198,276,1.62968585303626,0.450249229738089,0.733764800044638
PZA00188.1,7,2998280,276,0.990177724331722,0.294131534093559,0.291242493082958
PZB01960.1,7,3671338,276,-0.103234676152389,0.423080667510851,-0.0436765956968193
PZB01482.2,7,3671378,276,-0.383955592131404,0.414048244877696,-0.158976139032984
PZB01482.3,7,3671468,276,-0.411626316217321,0.406226722584665,-0.167213609366561
PZB01482.1,7,3671683,276,0.0374255543998741,0.293236228676051,0.0109745284283295
PZB01083.4,7,4242242,276,1.10052949599899,0.255041812365118,0.280681037220854
PZB01083.3,7,4242439,276,0.619120287107483,0.251746581236906,0.155861415653721
PZB01083.2,7,4242495,276,1.35486113098399,0.379607825388126,0.514315887635732
PZA02983.38,7,4244157,276,0.557770532208175,0.320922893956929,0.179001333360144
PHM9241.13,7,5101361,276,1.34570797424455,0.229679723598099,0.309081835568246
PZA01909.1,7,6437899,276,-0.0732496036282539,0.271466761341247,-0.0198848326664922
PZA03757.1,7,7166948,276,-1.55377918709665,0.371240333642331,-0.576825503824272
PZB02215.7,7,9142730,276,0.50793938208789,0.418327997040563,0.212485264326848
PZB02215.10,7,9142868,276,-2.69391381873635,0.759532860234382,-2.04611606796974
PZB02215.6,7,9142934,NA,NA,NA,NA
PZB02215.5,7,9143417,276,2.48947648100326,0.232506535792595,0.578819552535208
PZB02215.3,7,9143567,276,-0.39167660276536,0.546891074049467,-0.214204437966394
PZB02215.9,7,9143576,276,0.0482580575633303,0.56594802534852,0.027311552385122
PZB02215.4,7,9143735,276,2.40277920647913,0.257193640374777,0.617979531131184
PZB02542.1,7,11031881,276,-1.43289678832036,0.538489774956208,-0.771600269078101
PZB02542.2,7,11032128,276,1.46364565296603,0.433994491986978,0.635214151607943
PZB02542.3,7,11032355,276,1.63200871652585,0.878287884940973,1.43337348384272
PZB01617.2,7,14349278,276,0.866540750117599,0.248364913682757,0.215218318605549
PZB01612.2,7,14349513,276,0.224488967598729,0.278404124636582,0.0624986545148942
PZB01612.3,7,14349767,276,-1.34723816860628,0.26361254681009,-0.355148884786063
PZB01612.1,7,14349857,276,0.703007987593513,0.236160658215619,0.166022829080922
PZA03067.17,7,14354166,276,0.510832276048301,0.290949862667632,0.148626580562447
PZA03067.20,7,14354237,276,-1.02212800178787,0.253224751356093,-0.258828109106833
PZB01228.2,7,15335337,276,-1.38987563366073,0.308571985647476,-0.428876684081735
PZB01228.4,7,15335577,276,-0.825048750540632,0.274280568567003,-0.22629484039378
PZB00659.3,7,17347904,276,-0.176655972889666,0.605097445164779,-0.106894077868635
PZA00256.16,7,17397465,276,1.49661468735981,0.394218220172918,0.589992778335631
PZA00256.21,7,17397515,276,0.184647779801965,0.463578854341203,0.0855988062172416
PZA03623.2,7,20237216,276,-1.00526133623775,0.358395769294459,-0.360281409942903
PZA03623.1,7,20237594,276,-0.106056091750148,0.266591221706504,-0.0282736230690889
PZA03624.1,7,20238391,276,-0.61548110368094,0.227861910151888,-0.140244699947131
PZA03624.2,7,20238502,276,1.18114382538538,0.222660391251226,0.262993946284279
PZA03624.3,7,20238609,276,0.587299384256601,1.60363422835752,0.941813394887184
PZA03625.1,7,20238808,276,-0.0909368143813892,0.268723691860104,-0.0244368764865639
PZA03626.2,7,20239901,276,-0.863003466602894,0.357009827748903,-0.308100718958606
PZA03626.1,7,20239975,276,-0.872728790097669,0.235815241811354,-0.205802750672612
PHM4080.15,7,20240404,276,-0.913191033509741,0.242970905840949,-0.221878852617694
PZA00534.2,7,21624035,276,-0.246780347088524,0.251233392162841,-0.0619994637181731
PZA00534.8,7,21624080,NA,NA,NA,NA
PZA03344.1,7,22002530,276,-1.45804150863445,0.226230427989035,-0.32985335452415
PZA03344.4,7,22002548,276,0.744483517056442,0.262880122409068,0.195709918095331
PZA03344.2,7,22002659,276,-0.821299513311452,0.226830059411678,-0.186295417399219
PZA03344.3,7,22002684,276,1.77044815413822,0.256442503297739,0.454018156606066
PHM15501.9,7,32876504,276,-0.866116763878526,0.262139648643569,-0.227043544167422
PZA00132.3,7,33979012,276,0.0928303623149276,0.2595674031627,0.0240957360807383
PZA00132.17,7,33979080,276,1.59748046168152,0.315288434779987,0.503667114355177
PZA03687.1,7,40409236,276,2.93856231211157,0.2666255621252,0.783495828306673
PZA03565.2,7,43623648,276,-0.272191972464197,0.461053121750939,-0.125494958620163
PZA00084.2,7,43948264,276,-1.93382736682058,0.247786086339395,-0.479175514880491
PZA00084.3,7,43948320,276,-2.03898460400142,0.247994325407823,-0.50565661138627
PZA03341.2,7,44684805,276,1.48800297012951,0.476503225864879,0.709038215363232
PZA03341.3,7,44684895,276,-0.965451856830185,0.235576816736698,-0.227438075144589
PZA03723.1,7,47324932,276,-0.9137282704574,0.228760152631557,-0.209024618613604
PZA03723.4,7,47325011,276,-0.38579680503996,0.628239405569289,-0.242372755468836
PZA03723.2,7,47325096,276,0.838982222450102,0.578608469027206,0.485442219272897
PZA03723.5,7,47325183,276,-0.452349149678198,0.586015138544066,-0.26508344961896
PZA03723.3,7,47325292,276,-0.302421654344872,0.637569688248266,-0.192814879880185
PZA03722.1,7,47326042,276,0.466723485565701,0.320966360522734,0.149802538532508
PZA01936.4,7,47568917,276,-0.862126464197827,0.314323204022673,-0.2709863524994
PZA02612.1,7,48612205,276,1.03680643695496,0.298783320386056,0.30978046983104
PZA03363.1,7,49538583,276,0.989639616912312,0.224589940157067,0.222263102339399
PZA00113.1,7,51242563,276,-0.673187699811539,0.279790208521449,-0.188351326904345
PZA01445.1,7,53160767,276,-1.48852397274149,0.380907140624504,-0.566989410207987
PZA03676.1,7,61311203,276,-0.765528791204487,0.40328727702767,-0.308728021691141
PZA03676.4,7,61311292,276,-0.148138721948747,0.758740815725663,-0.11239889473195
PZA03676.2,7,61311400,276,0.932467807789902,0.380273686838279,0.354592971126274
PZA03676.3,7,61311523,276,0.296280866074617,0.876233628464869,0.259611258325275
PZA03675.1,7,61312330,276,-0.277584517276365,0.33165918365329,-0.0920634543946718
PZA03675.2,7,61312392,276,-0.0565917627310471,0.772253807440033,-0.043703204238794
PZB00635.1,7,63353441,276,-1.13345611934107,0.385412169479703,-0.436847781965285
PZB00746.1,7,63353683,NA,NA,NA,NA
PZA01607.1,7,68051112,276,0.57994351796758,0.245125319310368,0.142158840023781
PHM904.21,7,69232215,276,-0.67662894887569,0.245739928873164,-0.166274749770236
PZA03386.1,7,70374926,276,-0.688809657363147,0.287217764449011,-0.197838369918732
PZA00418.2,7,71717601,276,-0.421475787391689,0.22108361643574,-0.0931813913166556
PHM12830.14,7,71717792,276,1.01648956242954,0.256752341677282,0.260986075444301
PZA03645.1,7,73892322,276,-0.715315231402084,0.223679487481149,-0.160001344347478
PZA03645.2,7,73892439,276,-0.991441707721306,0.248346758010719,-0.246221333869198
PZA01210.2,7,75098939,276,0.544121770951183,0.859125245055984,0.467468749808731
PZA01210.1,7,75099046,276,-0.66536109451667,0.229002866072346,-0.15236959761735
PHM5324.11,7,86401923,276,-0.756968877602898,0.284270848730306,-0.215184185298603
PZA01113.1,7,93101779,276,0.715464170035205,0.232868760935557,0.166609254769885
PZA01933.3,7,98070498,276,-1.91147414660192,0.232232314221368,-0.443906064639677
PZB00109.1,7,100492899,276,1.33051262425112,0.235770272853809,0.313695324455124
PZB00109.2,7,100492949,276,-0.69043958097264,0.231760686927817,-0.160016751568373
PZA03143.2,7,103263777,276,-0.381539501723197,0.257350856481168,-0.0981895175498629
PZA03143.4,7,103263781,276,-0.107987219851754,0.462589253083484,-0.0499537273737847
PZA03143.1,7,103264135,276,-0.410360850848365,0.247645651747392,-0.101624080359958
PZA03149.2,7,103353750,276,-0.0150208481626837,0.231242378879635,-0.00347345666192878
PZA03149.1,7,103354135,276,-3.62624279916096,0.230601959898893,-0.836218696555765
PZA03149.4,7,103354216,276,-3.53501716649639,0.238188994371812,-0.842002183974869
PZB00175.2,7,104898467,276,0.0940564676983603,0.38396574313038,0.0361144615160195
PZB00174.1,7,104898621,276,-1.79978384012501,0.248301501406232,-0.446889029709713
PZB00174.3,7,104898624,276,0.285655922331192,0.363564873553894,0.103854459282261
Ra1.1,7,104898767,276,-0.157563311509645,0.769971580602717,-0.12131927200808
PZB01186.3,7,119650174,276,-0.00300128818503926,0.231882548402423,-0.000695946352836985
PZB01186.2,7,119650229,276,-0.203744656819279,0.260313451409346,-0.0530374748228393
PZB01186.1,7,119650294,276,0.345051010306493,0.224577024638537,0.0774905292431535
PZB01186.4,7,119650433,276,0.83711483418474,1.28085927981942,1.07222630364002
PZB02139.1,7,122111720,276,2.01943202137561,0.240607163806766,0.485889811163749
PZA00370.1,7,122373056,276,0.281441234151327,0.252546788109283,0.0710770797264304
PZA00370.5,7,122373149,276,0.756630601050705,0.263958609048523,0.199719161016892
PZA00616.7,7,122626062,276,-0.505020865100368,0.240584128813595,-0.12150000486286
PZA00616.11,7,122626218,NA,NA,NA,NA
PZA01946.7,7,123601837,276,-0.282813279401506,0.239345979925953,-0.0676902214944257
PZA02352.1,7,124598905,276,0.496660484622488,0.282593938547498,0.140353242470378
PZA00211.7,7,125465928,276,0.673736212331625,0.532584867503298,0.358821711376812
PZB00169.2,7,127435208,276,0.498671188133464,0.466878645170375,0.232818928701253
PZA02643.1,7,128365318,276,1.12621413248452,0.312767402006689,0.352243068320401
PZA01714.1,7,128402775,276,-0.69207459808759,0.236815519439541,-0.163894005437024
PZA03583.2,7,128404361,276,0.633563640221569,0.298659653141915,0.189219897031903
PZA03583.1,7,128404558,276,-1.45232533166351,0.221084927862199,-0.321087241183272
PZA03582.1,7,128406150,NA,NA,NA,NA
PZA01542.1,7,129793873,276,-0.329294659558778,0.257506044122213,-0.0847953651335518
PZD00054.1,7,130488434,276,0.0519814831257748,0.23236451082914,0.0120786518986939
PZA00040.19,7,130808986,276,-0.381644467887106,0.261087963545128,-0.0996427769189084
PZB00752.1,7,131103240,276,0.418585257670588,0.258685083492543,0.108281762329264
PZB00752.2,7,131103432,276,1.3824933206552,0.330528609449997,0.456953594850072
PZA03739.1,7,133371379,276,-1.60947680407931,0.341416086595633,-0.549501271915204
PZA03738.2,7,133372193,276,-0.800896811972213,0.276132275250747,-0.221153458930957
PZA00655.1,7,133818011,276,1.33136482539889,0.310561302803935,0.413470394683213
PZA00111.4,7,133825665,276,0.871641749110326,0.229501449566541,0.200043044923535
PZA00111.2,7,133825965,276,-0.848093845315272,0.278317748667912,-0.236039569687259
PZA00740.3,7,134062060,276,1.77308662744755,0.282240885431109,0.500437539676855
PZA02449.13,7,134847920,276,0.736575801661581,0.317599716831203,0.233936266032435
PZA03727.1,7,137207288,276,-0.79927716389939,0.240886432044609,-0.192535024226458
PZA03728.1,7,137207838,276,0.378121933829529,0.321551450956446,0.121585656461342
PZA03728.2,7,137207966,276,-0.886601443131838,0.239133671716056,-0.212016258444871
PZA03728.3,7,137208116,276,-0.401920401137573,0.298350014582402,-0.11991295754036
PZA03400.1,7,137628251,276,-1.1622808635022,1.1449261403202,-1.3307257430176
PZA03258.2,7,137628516,276,-0.717518751168315,0.911376864780573,-0.653929989861052
PZA02854.13,7,137834376,276,0.887167449635549,0.259895027220974,0.230570408472593
PZA02854.7,7,137834462,276,1.19441377628024,0.274704994136604,0.328111429409742
PZA00405.7,7,138551298,276,1.06101468636611,0.287079132244312,0.304595175460454
PZA00405.6,7,138551416,276,0.382049201276807,0.240289718338596,0.0918024949662894
PZA00405.2,7,138551678,276,-0.489051626383903,0.230861584671947,-0.112903233453381
PZA03574.5,7,141322594,276,-0.813723860832123,0.24536549600167,-0.199659758721468
PZA03574.4,7,141322797,NA,NA,NA,NA
PZA03574.1,7,141322979,276,1.23606199645893,0.239945599148175,0.296587636324627
PZA03574.3,7,141323077,276,-1.16096043631688,0.319718648301743,-0.371180701431036
PZA03574.2,7,141323421,276,0.0495743464477829,0.389197346925521,0.0192942041130437
PZA00504.1,7,142135761,276,-0.981219005705983,0.357745046976499,-0.351026239290521
PZA03397.1,7,143547413,276,0.170303478783058,0.907829927000129,0.154606594711492
PZA03397.2,7,143547864,NA,NA,NA,NA
PZA00096.6,7,144013417,276,0.745651798450851,0.237709558893008,0.17724856009753
PZA00096.26,7,144013500,NA,NA,NA,NA
PZA03162.1,7,144482928,276,1.41268776568869,0.383812677379177,0.542207473649785
PZA03162.2,7,144482998,276,0.421111441640238,0.398152379658701,0.167666522590567
PZA02940.3,7,144884172,NA,NA,NA,NA
PZB00062.9,7,145056664,276,-3.76820839436349,0.530788579686623,-2.00012198160741
PZB00062.10,7,145056863,NA,NA,NA,NA
PZA00614.1,7,145912449,276,1.22942108756565,0.40141533049412,0.493508472181606
PZA00614.12,7,145912535,276,-1.05894724361668,0.413642989228272,-0.438026103284642
PZA00350.2,7,147187128,276,-2.37963192884272,0.655291421733295,-1.55935238985329
PZA00670.9,7,149715917,NA,NA,NA,NA
PZA00670.2,7,149715975,276,1.36077626523286,0.256312356312803,0.34878377095637
PZA03199.3,7,151510061,276,0.677554929147036,0.247883970281488,0.16795500592076
PZA03176.3,7,151510428,276,-0.646780488402849,0.276393047409252,-0.178765630194508
PZA03176.2,7,151510558,276,-0.782572399964497,0.241524966691353,-0.189010772834997
PZA03176.4,7,151510758,276,-1.24121751013972,0.238103790112971,-0.295538593518853
PZA02959.7,7,151622827,276,-0.70299523437307,0.253672140971729,-0.178330306196339
PZA02959.11,7,151622947,276,1.0082118558072,0.232442756344461,0.234351542742989
PZA02959.14,7,151623063,276,-0.245206643105243,0.266987326748914,-0.065467066143744
PZA03329.1,7,152631991,276,-0.572025473302285,0.285640892487364,-0.163393866719571
PZA00326.16,7,153447034,276,-2.37288797017677,0.308764720229192,-0.732664090246846
PZA02386.2,7,154594107,276,1.33954541627271,0.420102472542182,0.56274634145871
PZA03544.5,7,157154259,276,-0.555620230328198,0.744938460819685,-0.413902879180967
PZA03544.3,7,157154622,276,-2.47042075415368,0.237435932509705,-0.586566655453808
PZA03544.4,7,157154717,276,-0.728220986926851,0.279319777558579,-0.203406524081897
PZA03544.2,7,157154780,276,-0.170221486648496,0.225499190010577,-0.0383848073616322
PZD00044.7,7,158728047,NA,NA,NA,NA
PZA00795.1,7,159417489,276,0.721740948264427,0.336255149460529,0.242689110430439
PZB00777.4,7,159849317,NA,NA,NA,NA
PZB00777.1,7,159849353,276,-1.02018081635905,0.356272600521908,-0.363462472446802
PZB00777.2,7,159849580,276,-0.640726733403485,0.288818196361842,-0.18505353950241
PZA00474.14,7,160099493,276,0.543571789831161,0.266540762857771,0.144884039529562
PZB01238.7,7,161167458,276,0.237770769338793,0.504004275466287,0.11983748432766
PZB01238.3,7,161167688,276,-0.387706202705521,0.548326384514409,-0.212589540383329
PZB00597.1,7,161517855,276,0.29360423133317,0.348079101584441,0.10219749706384
PZB00595.1,7,161517989,276,-0.803876940365748,0.334593151658369,-0.268971719022462
PZB00597.2,7,161518222,276,-0.626145946710609,0.33753194042058,-0.211344256379713
PZB00595.2,7,161518290,NA,NA,NA,NA
PZA00227.7,7,161520382,276,-0.691193243995457,0.26313049483383,-0.181874020318325
PZA02373.1,7,161618509,276,-1.43811274631115,0.222325337227633,-0.319728901294983
PHM7898.10,7,161993743,276,-0.0336880398260981,0.223863453753733,-0.00754152094566363
PZA02223.2,7,162118899,276,-1.00354625805384,0.238073860151165,-0.238918131495134
PHM10225.15,7,162173638,276,-0.824508017122295,0.292729706606546,-0.241357989946955
PZA00496.1,7,162222117,276,0.736048090934189,0.387379554929625,0.285129981872886
PZA00496.2,7,162222300,276,-0.619810025360029,0.302738389725226,-0.187640289013047
PZA01533.2,7,162381818,276,1.04392008815181,0.235221351942787,0.245552294455302
PZA00505.4,7,162531108,276,0.0753658979011416,0.305400011478127,0.023016746084068
PZA00505.5,7,162531135,276,-0.722331768870901,0.24661522937893,-0.178138014867786
PZA00505.6,7,162531284,276,1.3158247355686,0.536709943300264,0.706216219220106
PZA03179.1,7,162574346,276,0.110074950627274,0.229329383921972,0.0252434206125941
PZA03179.4,7,162574534,276,0.44116049752917,0.366910355881709,0.16186635514938
PZA03180.5,7,162574792,276,0.880207015400004,0.517185298108939,0.45523012765723
PZA03180.1,7,162574831,276,-1.63952355220244,0.240618940013395,-0.394500419257948
PZA03180.2,7,162574834,276,0.675745207660694,0.77553442807442,0.524063673147166
PZA03368.3,7,162877895,276,0.522113537460757,0.234562762195168,0.122468393526285
PZA03368.4,7,162878070,276,0.116775465563365,0.918251962077223,0.107229300376041
PZA03368.1,7,162878175,276,-2.14130319344621,0.336814748757846,-0.721222497114961
PZA01802.3,7,162945589,276,0.29388246749121,0.237432365652198,0.069777209480143
PZA01028.2,7,164853203,276,0.814219110526339,0.348077480539481,0.283411336599105
PZA00386.4,7,164941742,276,1.44208380735052,0.35109042132451,0.506301811507948
PZA00386.3,7,164941846,276,0.461318941083179,0.348855081851449,0.160933456951196
PZA00386.2,7,164941881,276,-1.975492316358,0.262602569235994,-0.518769357781574
PZB02448.2,7,165247457,276,-0.909751976098317,0.352742215868862,-0.320907927939996
PZB02448.1,7,165247569,276,-1.43778700944893,0.268449406811873,-0.385973069808381
PZB02448.3,7,165247738,NA,NA,NA,NA
PZB00123.1,7,165248088,276,-1.3192641343409,0.267014624798043,-0.352262817840549
PZB00123.2,7,165248667,NA,NA,NA,NA
PZA00178.4,7,165275572,276,1.71363311407143,0.305424500063802,0.523385537158042
PZA00178.3,7,165275756,276,-0.231837789026441,0.240609682858597,-0.0557824168922905
PZA00695.1,7,165518207,276,0.772341618037704,0.257182733822763,0.198632928772033
PZA00695.2,7,165518317,276,-1.14790627773746,0.23859471688309,-0.273884373345091
PZB00603.2,7,165995047,276,0.110870033965703,0.470254803001274,0.0521371659812864
PZB00605.4,7,165995303,276,-0.352149052927448,0.375883787535015,-0.132367119791237
PZB00605.3,7,165995314,276,-1.41579751212345,0.254749803133604,-0.360674137490494
PZA01278.2,7,166025654,276,-1.67966470419793,0.317461995432239,-0.533229708651775
PZA03295.2,7,167014837,276,-1.39710026926313,0.496235724555773,-0.693291064394853
PZA00423.16,7,167060647,276,-0.13403649824407,0.357763525300187,-0.0479533701306909
PZA00423.17,7,167060733,276,-0.00981990466931573,0.435402047796763,-0.00427560660218906
PZA00043.7,7,167218288,276,0.452767979023293,0.311206217378789,0.140904210102078
PZA00043.1,7,167218363,276,0.431808915607276,0.235869814347607,0.10185068875793
PZA00424.1,7,169017514,276,-2.00664870412652,0.249230744764857,-0.500118551010887
PZB01638.1,7,169020648,276,-2.30963549272807,0.229391198078032,-0.529810052800437
PZB01638.3,7,169020741,276,2.01591185396437,0.225930471881089,0.455455916436851
PZA02850.18,7,169067788,276,1.2807583090627,0.272359373203427,0.3488265302814
PZA02850.4,7,169067986,276,-1.14649892556879,0.323581754814777,-0.370986134228804
PZB02070.1,7,169215983,276,-0.73209459544871,0.227779709907893,-0.166756294576444
PHM5232.9,7,169409684,276,1.44139970264965,0.235013898258148,0.33874896306783
PZA02274.1,7,169955290,276,-0.805895553692138,0.458161113021887,-0.36923000385898
PZA03117.3,7,170346140,276,2.29752847587645,0.232207518145418,0.533503385251696
PZA03117.2,7,170346253,276,-0.711836934597853,0.224250352466786,-0.159629683482445
PZA02388.1,8,169137,276,-1.47115593253307,0.232530879489363,-0.34208918285791
PZA02174.2,8,4101256,276,-1.298391270475,0.244425448650839,-0.317359868810186
PZA03316.4,8,4766593,276,-0.942693456619392,0.672374037241783,-0.633842605308592
PZA03316.1,8,4766694,276,1.09321390333645,0.297305302207177,0.32501828990853
PZA03316.3,8,4766801,276,-1.0064187110264,0.268024119349837,-0.269744488720048
PZA00368.17,8,5632196,276,0.529506117962864,0.243589048146749,0.128981891262454
PZA00368.1,8,5632308,276,-0.236623676548433,0.22941766515336,-0.0542856513937454
PZA00058.1,8,5966657,276,-1.18818235018425,0.221493793152057,-0.263175015698635
PZA00058.5,8,5966698,276,-0.407421441212295,0.362802148589997,-0.147813374253454
PZA00632.1,8,6017018,276,0.961546554806989,0.295383507734982,0.284024994209375
PZA00416.4,8,8098163,276,-1.6209570985983,0.268214286292198,-0.434763851310814
PZA00416.2,8,8098271,276,-1.45210869582475,0.242623632515438,-0.352315886588257
PZA01601.1,8,8404207,276,0.158854255041261,0.248579069486189,0.0394878429020783
PZA03178.3,8,11602192,276,0.391287475232894,0.334653585840369,0.130945756681113
PZA03178.1,8,11602213,276,1.23697388424963,0.220309716265688,0.272517365467102
PZA01691.1,8,11620274,276,-0.643990190117978,0.233567572276229,-0.150415225275563
PHM9695.8,8,12401723,276,-0.0358662188933357,0.222874278556234,-0.00799365766039217
PZA01079.1,8,14123731,276,-0.946946911211966,0.39414323964376,-0.373232723355736
PZA02955.3,8,14721554,276,-1.67397556902434,0.234055371240993,-0.391802973256344
PZB01977.2,8,17433938,276,0.729861226367002,0.221883000178629,0.161943798620364
PZB01977.7,8,17434179,276,1.51924141253583,0.279848796500745,0.425157880892244
PZB01977.11,8,17434259,276,0.261401015180877,0.223717191603878,0.0584799009986685
PZB01977.4,8,17434337,276,-0.0149548729916425,0.245227396843944,-0.0036673445738723
PZB01977.6,8,17434439,276,-0.296436877545685,0.343522983506471,-0.101832880595836
PZB01977.5,8,17434510,276,0.512157447024646,0.882231770504709,0.451841571265726
PZB01977.10,8,17434577,276,1.30978775609523,0.561358644978043,0.735260679970447
PZB01977.1,8,17434712,276,0.39398223135041,0.260870150846858,0.102778204123363
PZB01977.9,8,17434775,276,-0.821887300248005,0.246039520293054,-0.202216757087972
PZB01977.3,8,17434841,276,-2.17204123229816,0.228892101821983,-0.497163082904735
PZD00024.2,8,22274672,NA,NA,NA,NA
PZD00025.2,8,22276752,276,1.04417276660366,0.227191923397627,0.237227619204107
PZD00025.1,8,22277128,276,-2.50271389263047,0.281809758676303,-0.705289198118024
PZA01186.1,8,22423380,276,1.08457915463158,0.237895290463002,0.258016273021197
PZB01475.1,8,22632055,276,-0.182038120958336,0.230725200986299,-0.0420007820452803
PZB01475.2,8,22632465,276,-1.01376048462706,0.261553041351742,-0.265152137956423
PZD00034.3,8,23005432,276,-0.183264929348141,0.245319217140827,-0.0449584089970549
PZD00034.4,8,23005482,276,-1.39042755177035,0.696907327630771,-0.968999149368468
PZA00758.1,8,23796463,276,-0.155818774264414,0.283329830240662,-0.0441481068606444
PHM2350.17,8,23985819,276,-2.13313245051972,0.224986484906812,-0.479925971883087
PZA00481.7,8,24557261,276,-1.9503490541545,0.252267640998332,-0.492009955014885
PZA01196.2,8,24748473,276,-0.23049872201885,0.241696977625999,-0.0557108444586114
PZB01094.4,8,32078447,276,-1.85599091790318,1.37353999099151,-2.54927774865705
PZB01094.1,8,32078607,276,-0.612692287411157,0.254565023460228,-0.155970026518722
PZB01094.3,8,32078673,276,-0.628172610993874,0.904820647184154,-0.568383548422837
PZA02927.1,8,34077450,276,0.866796813985893,0.542901576626235,0.470585356927539
PZA03114.2,8,34684129,276,-0.7827828179154,0.227955229982928,-0.17843943728459
PZA03381.2,8,43848287,276,1.57205727101371,0.273366053335307,0.42974709179409
PZA03381.1,8,43848372,276,-1.40218404201353,0.268564120190845,-0.376576323589007
PZB02114.1,8,44552495,276,1.71271737342829,0.257392548710107,0.440840689966787
PZB02114.2,8,44552625,276,-0.986892827508353,0.641242216363615,-0.632837344024811
PZB02114.3,8,44552704,276,-1.39813074558123,0.271294123538512,-0.379304655214708
PZB00145.1,8,44553828,276,-1.82092337335807,0.275781640256329,-0.502177234685775
PZA00498.5,8,48775713,276,-3.26931872815081,0.245572409280403,-0.802854476777535
PZA00498.3,8,48775756,276,-2.95421878597971,0.228252032612621,-0.67430644268226
PZA01209.1,8,52678845,276,3.01106921425057,0.240643638001135,0.724594649990477
PZA02203.1,8,55008669,276,-2.65818976810779,0.281697942872669,-0.748806589441142
PZA03126.1,8,59949306,276,-1.60303658161706,0.413651928960241,-0.663099174179727
PZA00417.3,8,60100774,276,1.45565533265704,0.274064066562213,0.398942819980959
PZA00417.2,8,60100989,276,1.43966867091455,0.273994316745461,0.394461033827077
PZA00793.2,8,64421988,276,-0.0673792909831422,0.228147447998578,-0.0153724132857575
PZA00379.2,8,65657055,276,-1.74254210390073,0.240439828489239,-0.418976524597169
PZA00717.14,8,68476007,NA,NA,NA,NA
PZA00717.15,8,68476189,276,0.382768092026555,0.239774267440678,0.0917779388653331
PZA01257.1,8,68789720,276,-0.438025656629652,0.250912304015898,-0.109906026723022
PZA00196.2,8,70063587,276,0.125449357242465,0.441573559792214,0.0553951192512006
PHM11114.7,8,70899841,276,0.0412123541245653,0.224435188724185,0.00924950247571477
PZA01470.1,8,72801790,276,-1.52860520962542,0.250939205510192,-0.383586976842143
PZA02887.9,8,76261326,276,-0.265391085454931,0.239262300481741,-0.0634980816332932
PZA03035.5,8,76419367,276,-0.490153427912462,0.432112482796907,-0.211801414686668
PZA03408.1,8,76905518,276,1.26186873305494,0.538458758788905,0.679464271755289
PZA00452.1,8,78017679,276,2.2664678503606,0.229545495413801,0.520257485550476
PZA02522.1,8,82710229,276,-7.26042873116643,0.330559366615842,-2.40000272273384
PZA01297.1,8,82856261,276,-7.93840326816372,0.32331013192412,-2.56656620789688
PZA00600.11,8,83913342,NA,NA,NA,NA
PZA03736.1,8,93829348,276,2.01343189868946,0.247801265282119,0.498930972054626
PZA03135.3,8,100564174,276,-1.85120049354704,0.740523178061173,-1.37085687270986
PZA03135.1,8,100564485,276,0.568084070957518,0.23475138924124,0.133358524863096
PZA02019.1,8,100932328,276,2.7425059450322,0.258284845142984,0.708347723316355
PZA03579.2,8,105795595,276,0.238441171174808,0.230465507468421,0.0549524655161668
PZA03579.1,8,105795685,276,0.979625409670112,0.284374604992832,0.278580588915879
PHM4134.8,8,105795742,276,0.471643796469772,0.255364930125727,0.120441285129736
PZA00739.1,8,105796017,276,-1.5175181347455,0.289846465541833,-0.439847267751619
PZA02566.1,8,112318768,276,-2.00345667154096,0.240897251239995,-0.482627205152648
PZB01883.2,8,114949534,276,0.696277091841525,0.2470767434736,0.172033876407473
PZB01883.1,8,114949662,276,-2.7165106806443,0.32101859840283,-0.87205045124675
PZB01883.4,8,114949770,276,2.50824365970179,0.32293884852708,0.810009319289447
PZB01883.3,8,114949852,276,2.89761958296622,0.314388758801296,0.910979024167077
PZA03012.12,8,115257156,276,-0.200339479753764,0.245673271849658,-0.0492180554717656
PZA03012.10,8,115257234,276,0.933577417706249,0.742716925313032,0.693383749220466
PZA03012.7,8,115257396,276,0.282745357966662,0.232737129100349,0.0658053428796115
PZA00045.2,8,116787118,276,-1.01142191874737,0.267601414278109,-0.270657935888675
PZA00045.1,8,116787172,276,-1.333965682888,0.267324567755009,-0.356601799578051
PZA00567.10,8,116875758,276,-2.40240896475044,0.268544399098319,-0.64515347182732
PZA03638.1,8,118438296,276,0.362380050155857,0.293103911818804,0.106215010265776
PZA03639.1,8,118438383,276,-0.0266997445577246,0.313956616014333,-0.00838256144979033
PZA03638.3,8,118438467,276,1.59382611658813,0.362048445452942,0.577042267833032
PZA03638.2,8,118438533,276,1.1847834439976,0.247864589487578,0.293665861978143
PZA03637.2,8,118439748,276,-1.15690220433059,0.248198006007437,-0.287140820260461
PZA03637.1,8,118439775,276,0.422860427833578,0.291332659057923,0.123193052851128
PZA03637.3,8,118439827,276,-0.15934506678602,0.289508409834229,-0.0461317369001497
PZB01385.3,8,122233767,276,1.59523731371969,0.230292884932671,0.367371803128752
PZB01385.2,8,122233827,276,-0.711133122073465,0.281345917589557,-0.200074400758085
PZB02161.1,8,123268336,276,-0.63599876974257,0.314312603105523,-0.199902428889698
PZB02159.2,8,123269296,276,-0.308813337611073,0.24883783920161,-0.0768444436477765
PZB02159.1,8,123269491,276,-0.196292156485911,0.259805934989408,-0.0509978672469093
PZB01201.1,8,123272319,276,-0.576892041859945,0.259286386654256,-0.149580253023461
PZB02155.2,8,123272809,276,-1.08123447395915,0.42842593159549,-0.463228886779107
PZB02155.1,8,123272935,276,0.85181244712042,0.237596577711192,0.202387722287608
PZA01038.1,8,123599285,276,0.71864206519827,0.242425833379446,0.174217401557217
PZB00591.1,8,123929371,276,-0.78648206749657,0.280716098039661,-0.220778177165802
PZB00592.2,8,123929533,276,-0.679642389296175,0.281590695732735,-0.191380973251369
PZB00592.1,8,123929882,276,0.468381880734562,0.236901116013073,0.11096019026632
PZA00531.1,8,123932505,276,-1.1118429366952,0.297855596517487,-0.331168641143102
PZA00531.2,8,123932687,276,-0.77431570387974,0.303537955772452,-0.235034205878164
PHM10525.11,8,124752481,276,-0.567485088931527,0.237581935029454,-0.134824205528714
PHM10525.9,8,124752624,276,0.526795332534276,0.233404105009043,0.122956193113104
PZA00419.1,8,125230104,276,-0.694303836618162,0.270983374277093,-0.188144796420321
PZA00272.3,8,125785322,276,-0.529664392390016,0.533933875631965,-0.282805761813051
PZA00272.2,8,125785447,NA,NA,NA,NA
PZA00118.1,8,126154819,276,-0.444582919048407,0.219530349411698,-0.0975994435611696
PZA00118.4,8,126155021,276,-0.0400611128146374,0.222193234190431,-0.008901308221552
PZA00118.5,8,126155082,276,0.22276971048619,0.365470184863691,0.0814156872734186
PZA03241.3,8,128276819,276,-1.4082672527514,0.329636220808165,-0.464215895084867
PZB02534.3,8,128276900,276,0.934120703181292,0.326922773873582,0.305385331416769
PZB02534.4,8,128277017,276,1.46564182980777,0.238552429687551,0.349632419552352
PZA03241.5,8,128277088,276,0.942507258412606,1.36128240870065,1.28301855094976
PZB02534.1,8,128277137,276,2.01423558402729,0.23815219832633,0.479694632283219
PZB02534.2,8,128277210,276,-1.47391153287888,0.321073150747536,-0.473233419784551
PZA03612.4,8,128613644,276,-1.37071890933771,0.530384332991744,-0.727007834448254
PZA03612.3,8,128613858,276,1.10322953231443,0.265454007982025,0.292856701077
PZA03612.2,8,128613967,276,-0.924989418198206,0.261783301788051,-0.242146784014935
PZA03611.1,8,128632225,276,-0.809358333537087,0.262363694752773,-0.212346242765738
PZA03610.1,8,128633607,276,-1.07663795579861,0.270043584780275,-0.290739173094364
PZA01049.1,8,129044327,276,0.475724977839259,0.222808607138265,0.105995619693248
PHM5468.25,8,129163361,276,0.435727168026146,0.294088004183249,0.128142133213229
PZA03052.15,8,129384587,276,0.093661678462971,0.415620920486119,0.0389277530170549
PZA03395.5,8,130388141,276,-0.736237818440447,0.397329334105714,-0.292528882144386
PZA03395.4,8,130388227,276,1.99920258759495,0.425929185821609,0.851518730426772
PZA03395.3,8,130388436,276,0.610620536402469,0.299687428949942,0.18299529861849
PHM14152.18,8,131568112,276,-0.613722302443782,0.226057775867459,-0.138736698690697
PZA00049.12,8,132749967,276,-0.998414749245608,0.277642337933528,-0.277202205207868
PHM4203.11,8,133529939,276,1.99214470545869,0.2352796333823,0.468711075944811
PZA03005.9,8,133748608,276,-0.00590912433614315,0.225814013318002,-0.00133436308153956
PZA03005.19,8,133748695,276,-1.79092321970067,0.32487424591733,-0.581824830496093
PHM448.23,8,133775120,276,-0.229283837467567,0.225229291926267,-0.0516414363629573
PZA00766.1,8,133775220,276,-0.202026904030319,0.227096355670389,-0.0458795736526568
PZB01389.2,8,134723762,276,-0.267557109872934,0.71825049586585,-0.192173026838669
PZB01389.1,8,134723842,276,0.260387689093796,0.228779129814916,0.0595712689253955
PZA03591.1,8,134813437,276,2.26141056328116,0.294855295058758,0.66678887888526
PZA03591.3,8,134813550,276,-1.18323938399515,0.313555689159379,-0.371011440489119
PZA03591.2,8,134813696,276,-1.27213712368355,0.231190455809837,-0.294105961477015
PZA03590.1,8,134815566,276,0.164122285426601,0.811933159338372,0.133256325724254
PZA00090.1,8,137480768,276,-0.0264022527288131,0.460325615179401,-0.0121536332295129
PZB00665.1,8,137572174,276,-0.922142792277247,0.279199256704147,-0.257461582178894
PZB00665.2,8,137572228,276,-0.885716938448666,0.224211762420222,-0.198588155775019
PZA02011.1,8,140212456,276,0.682816438388995,0.232604721767096,0.158826327669471
PZA03061.5,8,141037093,276,-0.426233645373606,0.374381088281566,-0.15957381601719
PZA03608.2,8,141276260,276,2.03952767081722,0.239821054310344,0.489121676310506
PZA03608.1,8,141276353,276,-1.08590022771377,0.265780246023594,-0.288610829678843
PZA00168.14,8,141887023,276,0.448185901402079,0.346531259044203,0.155310424698723
PZA00429.2,8,144443053,276,0.6179612142704,0.270093158421986,0.166907096144578
PZA00429.1,8,144443084,276,1.55761776858478,0.259821866797409,0.404703156390513
PZA00097.13,8,144652871,276,-0.780001157822921,0.578927399487546,-0.451564041895698
PZB01454.3,8,145713740,276,-1.59603079516057,0.226820036131581,-0.362011762625437
PZA03650.1,8,146342067,276,0.684042148895443,0.250511995477373,0.171360763710428
PZA03651.2,8,146342751,276,0.554641943244424,0.22388527022741,0.124176161342734
PZA03651.1,8,146342784,276,-0.924158614510296,0.251632111892226,-0.23254798389262
PZA03652.2,8,146342956,276,0.24432711333981,0.32212927660971,0.0787049162762918
PZA03652.1,8,146343044,276,-0.468907220314805,0.224418610220806,-0.10523150670555
PZA03652.3,8,146343197,276,0.0684898451425078,0.976653694934569,0.0668908603239267
PZA00686.4,8,146670206,276,-0.0193817278692467,0.504509120360755,-0.0097782584783852
PZA00686.7,8,146670272,276,-0.614045876701444,0.476539648828804,-0.292617206448081
PZA00120.4,8,147049220,276,-0.0509946247620361,0.370274165324043,-0.0188819921197757
PHM4757.14,8,151452567,276,-0.981407988297452,0.239291303415703,-0.234842396702281
PZA03153.2,8,151468480,276,-0.79782620696311,0.281006704510259,-0.224194513190624
PZA03153.4,8,151468520,276,-0.79468279023933,0.234918678256331,-0.186685830716077
PZA03153.1,8,151468637,276,-0.575399250923456,0.43183529472245,-0.248477705105608
PZA03153.3,8,151468701,276,-0.270032541545172,0.229938468271079,-0.0620908689862433
PZA03182.5,8,152155087,276,-0.341100748752608,0.238132242370278,-0.0812270861746394
PZA03182.3,8,152155155,276,0.239213752581702,0.35488564852378,0.0848935277207645
PZA03182.2,8,152155215,276,-0.644483968961061,0.636912915893859,-0.410480163917837
PZA00314.6,8,153355348,NA,NA,NA,NA
PZA00422.2,8,153373467,276,0.164532092882592,0.287479479857258,0.0472996004817137
PZA00422.5,8,153373529,276,-1.30351700641409,0.346334071753815,-0.451452352431736
PZA00334.2,8,154182352,276,-0.875910158292971,0.302958536476035,-0.265364459640931
PZA03225.2,8,154325717,276,-0.110850467630161,0.242427111405389,-0.0268731586655164
PHM12749.13,8,155071379,276,-0.00687086784026472,0.251696302518378,-0.00172937203048706
PZA00018.5,8,155326020,276,-2.17844281855715,0.339616204616438,-0.739834482012313
PZA00177.4,8,155435599,276,1.86299829092986,0.27526358581359,0.512815589925942
PHM15278.6,8,155484031,276,-1.24386674232495,0.230547053522673,-0.286769812417863
PZA03695.2,8,155569735,276,0.553102045059411,0.477107262878428,0.263889002810757
PZA03695.1,8,155569805,276,-1.41016782584592,0.267954236619997,-0.377860443280625
PZA03696.3,8,155570552,276,-0.830784105384683,0.539333478320119,-0.44806968129019
PZA03696.1,8,155570656,276,-1.03913514716408,0.26262278772254,-0.272900569168702
PZA03696.2,8,155570773,276,-1.37788731590426,0.712068332481335,-0.981149923383132
PZA03697.1,8,155570887,276,-1.41595393015757,0.238503758451491,-0.337710334136739
PZA03698.1,8,155571435,276,-0.113006118260574,0.222661307204466,-0.0251620900140018
PZA03698.3,8,155571493,276,0.918176922276679,0.277592199663756,0.254878751535281
PZA03698.2,8,155571651,276,-1.71854228651425,0.269946355768235,-0.463914227478131
PZA01741.1,8,156061850,276,-0.559191369838716,0.284652631455016,-0.159175294911526
PZB02040.1,8,156646395,276,0.23826197393794,1.27691546233059,0.304240398606765
PZB00160.1,8,157472833,276,1.22901195778262,0.469230360656546,0.576689724201547
PZA00838.2,8,158949206,276,-2.90677387508358,0.237685452054651,-0.690897862519889
PZA03656.1,8,158961898,NA,NA,NA,NA
PHM3465.6,8,159478545,276,-0.254098841556538,0.572795827528759,-0.145546756223476
PZA00706.16,8,159897914,276,-0.183043194541212,0.336548226192713,-0.0616028624394924
PZA00706.11,8,159898064,276,0.622891017524225,0.240938906398363,0.15007868056765
PZB00811.1,8,160536300,276,1.36525087603407,0.469365700890662,0.640801934321321
PZB00811.2,8,160536472,276,0.33914279354485,0.255363916928792,0.0866048321577855
PZA03388.2,8,160537081,276,-3.72333244986693,0.230493474238989,-0.858203832116593
PZA03388.1,8,160537277,276,1.5361041586958,0.240059956817287,0.368757098003368
PZA00675.1,8,161460108,276,-3.43308685011522,0.313300082319531,-1.0755863927512
PZA03592.1,8,161817307,276,-0.171936724090868,0.319116979815016,-0.0548679281111656
PZA03592.3,8,161817408,276,0.514811927338144,0.250361217196021,0.128888940755407
PZA03593.1,8,161819705,276,1.34535336526044,0.250150990389573,0.336541476743844
PZA03593.2,8,161819940,276,0.707463959886115,0.616413894814955,0.436090614954612
PZA00229.7,8,161988861,276,-0.399510386712214,0.310115380951779,-0.123894315769451
PZB01107.7,8,162011903,276,0.162852281943048,0.72425082581046,0.11794589968237
PZB01107.8,8,162011965,276,-0.972494763229975,0.394599268946661,-0.383745722625005
PZB01107.6,8,162012097,276,-0.98544446350045,0.465652235206454,-0.458874417100809
PZB01107.2,8,162012202,276,0.189639349801809,0.280297813488858,0.0531554951008957
PZB01107.5,8,162012322,276,0.861846943258893,0.224730443341273,0.193683245650892
PZA00336.10,8,162446230,276,0.774377907879831,0.231760869685518,0.179470497395482
PZA02746.2,8,163067200,276,0.523762726987289,0.228283921554449,0.119566609280711
PZB00700.1,8,163492031,276,-0.164099775431558,0.494233201202744,-0.0811035573281902
PZA00460.8,8,163565334,276,0.558475394441625,0.236951871932219,0.132331790141027
PZA00460.3,8,163565396,276,1.80693806317944,0.252867374265085,0.456915683495822
PZA00516.2,8,163572237,276,-1.84215179104878,0.229913328205766,-0.423535249340239
PZA00516.3,8,163572301,276,-0.764122441132107,0.238156052114597,-0.181980383912191
PZB00007.3,8,163643858,276,-1.14220269868923,0.293675543773372,-0.335436998636973
PZA00362.2,8,163939051,276,1.12868248427151,0.255861100193727,0.288785942195096
PZA00362.1,8,163939189,276,1.39464285772143,0.302363176606619,0.421688644692385
PZA01316.1,8,164369718,276,0.502951797425586,0.319823075106991,0.160855590483239
PZA00001.8,8,164795650,276,0.865938805758341,0.274240622785082,0.237475597384937
PHM4786.9,8,164795880,276,0.250193273518851,0.252726359960506,0.0632304353030226
PZA00904.1,8,165809816,276,-1.18979407967981,0.238413254463427,-0.283662678677781
PZA00641.8,8,166182700,276,-1.95581455237958,0.621355388966402,-1.21525591193996
PZA00641.7,8,166182794,276,1.33221608989411,0.64640806433465,0.861155223943926
PZA01964.29,8,166984405,276,-0.491996766962539,0.263858427347184,-0.129817493190635
PZA03446.1,8,168485696,276,0.368155734971289,0.310985794062924,0.114491203578866
PHM14046.9,8,169471006,276,-0.0394166313517621,0.284226267022464,-0.0112032419877119
PZB01057.4,8,169540271,276,0.699054713156085,0.323753404018203,0.226321342979251
PZB01057.3,8,169540274,276,0.706501733587815,0.360372114122828,0.254603523364484
PZB01057.1,8,169540340,276,-0.785775698728985,0.358694376876817,-0.281853324620539
PZB01057.2,8,169540394,276,-0.952599985312373,0.299162972048306,-0.284982642779222
PZA03202.2,8,169912459,276,1.21907398458252,0.237044620254838,0.288974929737917
PZA03202.1,8,169912848,276,0.879698234776106,0.224144245539698,0.197179297136494
PZA00189.21,8,170014413,276,0.593091068350819,0.276963866755675,0.164264795628697
PZA00760.1,8,171099906,276,1.26430812880934,0.291389070023553,0.368405569876973
PZA03538.1,8,171578191,276,-1.75367072252351,0.242607103481402,-0.425452974451565
PZA03537.1,8,171581059,276,0.338831611303195,0.447694387766276,0.151693010778245
PHM2749.10,8,171703522,276,1.32239994531563,0.240425457131961,0.317938611363789
PZA01290.1,8,171827952,276,2.16993600765178,0.2374177594273,0.515181345037307
PZA02281.3,8,172057935,276,-1.2132994467475,0.289538869039522,-0.35129734961755
PZB01872.1,8,172323589,276,2.00430985731346,0.247245388451391,0.495556369248419
PZB01872.2,8,172323795,276,0.693446426000952,0.656161970384125,0.455013173240614
PZA03062.7,9,3873116,276,-0.700820707602768,0.266221510987494,-0.186573547709333
PZA03062.15,9,3873152,276,-0.421521022074989,0.67854578404269,-0.28602131241435
PHM3925.79,9,3955377,276,-1.41037631948055,0.602666117656663,-0.849986020896237
PZD00036.2,9,6992336,276,0.348781802780934,0.267588022655279,0.0933298329442936
PZA01799.1,9,9885916,276,-0.409501012870774,0.245704981315974,-0.100616438716286
PZB00781.1,9,11101740,276,-0.471576583971468,0.24513220470401,-0.115598607715711
sh1.4,9,11336778,276,-0.712851429449779,0.245116995940435,-0.174732000938575
sh1.3,9,11337226,276,0.15330131291205,0.246986874231958,0.0378634120918027
sh1.2,9,11339352,276,1.30660177326715,0.242472663898782,0.316815212618959
sh1.11,9,11339891,276,-1.45217832825734,0.232578228749489,-0.337745063414485
sh1.12,9,11340882,276,-1.13167010638647,0.250933475161861,-0.28397391253235
sh1.1,9,11341274,276,-0.16097065623446,0.411399555951924,-0.0662232564961466
PHM1218.6,9,11342096,276,-0.0633219684059385,0.280471347045845,-0.017759997776408
PZA01195.3,9,11345280,276,-1.03579915021748,0.455055239227649,-0.471345830094013
PZA00466.1,9,11972467,276,-0.484283980634362,0.335742996180293,-0.1625949546603
PHM5181.10,9,15582065,276,-0.389919671395887,0.23887803970103,-0.0931432467439191
PZA02916.5,9,15582100,276,1.0593250401125,0.237923001716872,0.252037793337412
PZA02916.4,9,15582109,276,0.869050035725481,0.239743237532225,0.208348869142323
PZA02702.1,9,16228586,276,-0.862731607074125,0.360430408004036,-0.310954705135704
PZA03431.1,9,16578365,276,1.13699702431526,0.851410202577441,0.968050866802201
zmm3.1,9,16966211,NA,NA,NA,NA
zmm3.2,9,16966263,NA,NA,NA,NA
zmm3.4,9,16966348,NA,NA,NA,NA
PZD00047.2,9,16966384,276,0.679764190818071,1.61024192680318,1.0945848003947
PZD00047.1,9,16966493,276,-1.30023109412127,0.334605536344327,-0.435064522620019
PZA03416.9,9,16979695,276,0.0498755428406993,0.561127926001299,0.0279865599123905
PZA03416.7,9,16980092,276,-0.82134515410153,0.39318032159224,-0.322936751827868
PZA03416.8,9,16980100,276,0.652495730295567,0.811731011514048,0.529651019161418
PZA03416.6,9,16980188,276,-0.722747118354473,0.462992370106687,-0.334626401314716
PZA02996.9,9,17214904,276,-0.911973764260708,0.944778242732667,-0.861612970416527
PHM9374.5,9,17653676,276,-0.39206986490163,0.260853461757539,-0.102272781510401
PZA02844.1,9,17653885,276,1.07085599421236,1.10014837778539,1.17810048487448
PZA00860.1,9,18684111,276,-1.53222713046927,0.237958675637565,-0.364606738742414
PZA03058.12,9,19292942,276,1.06358236863,0.254996571236477,0.271209857228221
PZA03058.16,9,19292964,276,-1.09834544700581,0.247405831179497,-0.271737068238688
PZA03058.17,9,19292988,276,0.342047611278958,0.348180298817129,0.119094239504793
PZA03058.22,9,19293027,276,1.38109955484472,0.352348931270564,0.486628952127789
PZA03058.21,9,19293212,276,-0.0493958623486372,0.360912255651424,-0.0178275721000939
PZB00736.2,9,20516063,276,-0.627421972030617,0.241006620120262,-0.151212848868288
PZB00736.4,9,20516152,276,0.0137121134943223,0.980641517061599,0.013446667779193
PZA00583.4,9,20525979,276,0.0724122339498035,0.246515614085891,0.017850746319467
PZA00583.17,9,20526173,276,0.790423984669698,0.392456682737989,0.310207174980013
PZA00438.4,9,21519206,NA,NA,NA,NA
PZB01042.7,9,22040626,276,-0.281123828295101,0.321951280219044,-0.0905081764196864
PZB01042.5,9,22040925,276,-0.838000108814189,0.297870760672992,-0.249615729856532
PZB01042.3,9,22040955,276,-0.441768467646606,0.393986700996486,-0.174050901172359
PZB01042.2,9,22040988,276,0.167261143587529,0.336984254052643,0.0563643717038356
PZB01042.1,9,22041092,276,1.66249932890158,0.425923351933225,0.708097286752498
PZB01042.6,9,22041257,276,-0.0745462281972172,0.485238331113774,-0.0361726873612442
PZB01042.8,9,22041375,276,-1.5502465345499,0.244687439686297,-0.37932585542157
wx1.1,9,23215033,276,0.17775745777496,0.352649570571611,0.0626860911502409
PZB00547.3,9,23215090,276,0.857376579451836,0.392830422064561,0.336803603574334
PZB00547.1,9,23215171,276,-0.933686351780172,0.263284220478899,-0.24582488330023
PZB00544.1,9,23215722,276,-0.851035139124627,0.236762757678057,-0.201493426420076
PZB00544.2,9,23215793,276,-0.475763806232468,0.261397084764262,-0.124363271985516
PZB00540.1,9,23217179,276,-0.885145522426872,0.23405692183666,-0.207174436356736
PZA01999.3,9,23217376,276,1.29805070190274,0.361571439756044,0.469338061163317
PZB01110.6,9,24028336,276,0.729549151879587,0.250508913211343,0.182758565171612
PZB01110.1,9,24028795,276,-0.791485612429264,0.253068717810209,-0.200300249102702
PZB01963.2,9,24376691,276,-2.50005523730104,0.340353561389079,-0.850902703684828
PZB01963.4,9,24376774,NA,NA,NA,NA
PZB01963.6,9,24376844,276,-1.91815329021359,0.303778461379142,-0.582693655190424
PZB01963.5,9,24376908,NA,NA,NA,NA
PZB01963.3,9,24376967,276,-1.59234712680805,0.25861629691266,-0.411806917334611
PZB01963.1,9,24377057,276,1.5039780052116,0.255004202150815,0.383520711271359
PZA02648.2,9,25654718,276,1.42386129146151,0.301456612757271,0.429232401960181
PZA03113.5,9,26513930,276,-0.136303842480971,0.285692468536459,-0.0389409812293931
PZA03113.3,9,26514219,276,-2.33182680853913,0.251801288160037,-0.587156994156261
PZA03113.4,9,26514227,276,1.97998199449342,0.242155357108222,0.479463246944404
PZB00379.2,9,26661426,276,0.63722335323461,0.233471655702986,0.148773591332293
PZB00379.1,9,26661626,276,0.297706660529153,0.232407506666548,0.0691892626916046
PZA00693.3,9,28318787,276,-1.31004452666778,0.288283184234362,-0.377663807636586
PZB00959.1,9,28529745,276,-0.619877920484764,0.255078827374678,-0.158117733072708
PZB02423.1,9,28529871,276,0.176686656915389,0.420805840599248,0.0743507771859511
PZB00235.2,9,34649110,276,-0.907503687168523,0.464954329919279,-0.421947768766715
PZB00235.1,9,34649218,276,0.635540106278173,0.242213609578466,0.153936463173518
PZA02878.13,9,37421825,276,0.408641959182266,0.301146516760451,0.123061102609906
PZA02861.13,9,42849025,276,0.76050219967482,0.277892355906741,0.211337747939895
PZA02861.12,9,42849080,276,-0.340785826634132,0.293153241032929,-0.0999024695758818
PZA03469.1,9,42852770,276,0.475926130071453,0.260516180027563,0.123986457381516
PZA03097.4,9,44359301,276,-0.222448176908442,0.343232316722294,-0.0763514031109352
PZA03097.7,9,44359430,276,0.918322914481456,0.286244538426228,0.262864918781973
PZB00014.1,9,46590628,276,-0.256981768378583,0.292593473063254,-0.0751911881238262
PZA03085.30,9,51080355,276,0.100078627265445,0.296632935498209,0.02968661698638
PZB02422.1,9,59789379,276,2.10430068264076,0.371061982487545,0.780825983050574
PZA00588.1,9,59789907,276,0.90979211100731,0.233110822825226,0.212082387596813
PZA00588.2,9,59789931,276,-0.989496424139316,0.238160377437005,-0.235658841845586
PZB01114.6,9,60776013,276,-0.861638032134362,0.22603205898258,-0.194757818501029
PZB01114.2,9,60776186,276,0.40650540297735,0.388348208821186,0.157865645122388
PZB01114.1,9,60776323,276,-1.0471320088799,0.224158568975544,-0.234723612639006
PZA00287.1,9,72258299,276,-0.728683030708059,0.325310864777771,-0.237048506868526
PZA03057.3,9,73251868,276,0.0429320447469054,0.355163010170969,0.0152478742451057
PZA00925.2,9,73487579,276,-0.505746050903392,0.274492115119719,-0.138823303225917
PZA01791.2,9,77467426,276,0.824482738333012,0.22796879142625,0.187956333409582
PZA03759.2,9,80446876,276,2.33415484943616,0.261900213231567,0.611315652782826
PZA03759.1,9,80446937,276,1.29715794041231,0.32059771665318,0.415865873834728
PZA03758.1,9,80499825,276,-0.794878220271412,0.33519068514958,-0.266435775263253
PZB00761.1,9,83959651,276,-0.664764366707213,0.238376735237106,-0.158464359437628
PZB00761.2,9,83960023,276,0.41825072733246,0.435789719811909,0.18226936727534
PZA00070.5,9,85334547,276,2.69158584904694,0.245947756311699,0.661989500493414
PZA01861.1,9,85740054,276,1.37943103166304,0.240629731492081,0.331932118760921
PZA02545.1,9,88057165,276,2.05442642180697,0.680588789305241,1.39821959113431
PZA00653.5,9,89363110,276,-0.531015104454554,0.235003843350203,-0.12479059042383
PZA03595.2,9,90435061,276,-0.987247572713436,0.253910530749352,-0.250672555168678
PZA03595.1,9,90435214,276,-0.85400056838366,0.231927663957651,-0.198066356843729
PZA03595.3,9,90435381,276,-1.70856921875244,1.14577821787815,-1.95764139458364
PZA03596.2,9,90436004,276,-0.935571987011179,0.233376807968385,-0.218340803953308
PZA03596.3,9,90436140,276,-0.197741448888334,0.484522226850037,-0.0958101271559286
PZA03596.1,9,90436248,276,0.729144359187422,0.225284406086044,0.164264853910528
PZA02897.12,9,94285743,276,0.0221596842296475,0.25887226073772,0.00573652755376286
PZA00947.1,9,96885738,276,2.22318996688987,0.268392895569383,0.596688392614373
PZB01899.3,9,98502706,276,0.242688513552776,0.234016098704133,0.0567930191419257
PZB01899.2,9,98503011,276,-0.485884541958438,0.226507085373904,-0.11005629142724
PZA03253.1,9,103719503,276,-0.156601983420613,0.265337302328902,-0.0415523478201808
PZA03253.2,9,103719660,276,-0.51303004070848,0.278276463878875,-0.142764185591991
PZA00514.6,9,104237516,276,1.02375604193156,0.911657905512268,0.933315288942854
PZA00514.1,9,104237592,NA,NA,NA,NA
PZB00967.2,9,104333938,276,-1.52888613619569,0.275006134610048,-0.420453066574067
PZB02480.2,9,104373145,276,-1.47210766444619,0.273219517272523,-0.402208545453171
PZB02480.1,9,104373476,276,-1.6181910871442,0.238493171512321,-0.385927524485992
PZA00225.7,9,104537824,276,1.4344947006817,0.251055424221892,0.360137675623701
PZA00225.8,9,104537850,276,-1.69530314367384,0.245198999049766,-0.415686633914748
PZB01358.1,9,106774837,276,0.950557375004181,0.262734502866851,0.249744219368143
PZB01358.4,9,106774862,276,-1.44118727812729,0.554722436545159,-0.799458918440654
PZB01358.3,9,106774925,276,-0.932114627777684,0.307432523452242,-0.28656235216444
PZB01358.2,9,106775093,276,-1.22746160652987,0.263241978451115,-0.323119421775708
PZB01652.1,9,106850853,276,1.0799579484549,0.261557866369895,0.282471496767073
PZA00015.5,9,109909820,276,-0.0415361399654218,0.330182581397836,-0.0137145099150848
PZA03470.1,9,110522534,276,0.0423230571868182,0.342112368725973,0.0144792413459072
PZB01913.2,9,110628874,276,1.27823215577588,0.466725769890126,0.596583887002814
PZB01913.1,9,110629231,276,1.30014576953188,0.223546895858594,0.290643550942534
PZB01869.2,9,111935442,276,0.447626287924975,0.508546486947573,0.227638776189629
PZB01869.4,9,111935545,276,1.5451497360076,0.281260445045892,0.43458950241204
PZB01869.1,9,111935626,276,-0.305927910642006,0.253542571351687,-0.0775657491124235
PZB01867.5,9,111935765,276,1.89775085923631,0.265386328283152,0.503637132528921
PZB01867.2,9,111935837,276,-1.85927993493523,0.230046994207183,-0.427721760421576
PZA03235.2,9,114897449,276,0.044226834669136,0.264667244544749,0.0117053944668164
PZA03235.3,9,114897648,276,-0.381675845927481,0.626743337853268,-0.239212793654559
PZA03235.1,9,114897665,276,0.158087027250617,0.255496081588319,0.0403906160124785
PZA02613.1,9,116763482,276,-1.17795152954436,0.411652474979386,-0.484906662542689
PZB01292.2,9,117894780,NA,NA,NA,NA
PZB01292.1,9,117894891,276,-1.61340336116394,0.312001704856642,-0.503384599304585
PZB01292.3,9,117895037,276,-0.0651545220389923,0.456745975584388,-0.029759065732434
PZA01819.1,9,118511506,276,0.51591250688809,0.29940452931674,0.154466541293448
PZB01432.1,9,124067174,276,1.7364411752527,0.244336601412248,0.424276135313536
PZB01432.3,9,124067329,276,1.05102341324685,0.28143502338643,0.295794798886813
PZB01432.4,9,124067391,276,0.111312355325383,0.311325744140614,0.0346544018537193
PZB01432.2,9,124067508,276,1.32854806158663,0.241425291346539,0.320745102836431
PZA00840.1,9,124112589,276,1.63191982001205,0.26429054798909,0.431300983505242
PZA00060.2,9,124619424,276,0.695019388175065,0.241696768422701,0.167983940113036
PZA00116.2,9,125052222,276,1.09784694301111,0.311050862369503,0.341486238373329
PZA00116.3,9,125052246,276,0.929439580029366,0.310712972876603,0.288788935020106
PZA00213.7,9,126584310,276,-0.373209321155633,0.241139789470702,-0.0899956171319729
PZA00213.19,9,126584378,276,-0.484491967615939,0.409382513322091,-0.198342539386979
PZB02504.1,9,128442190,276,0.844965054544909,0.234494153571624,0.19813936526311
PZB02504.3,9,128442195,276,-0.00221312753584583,0.230381412647324,-0.000509863448076853
PHM3330.25,9,128515170,276,0.137760104314118,0.267355266861086,0.0368308894517121
PZA00568.19,9,129048317,276,0.331775474933108,0.483739800125493,0.160493001930682
PZA02111.1,9,130251867,276,-0.470473228084667,0.372903398215885,-0.17544106552237
PZB00080.2,9,130608245,276,0.555816822253603,0.793384794457652,0.44097661527978
PZB00080.1,9,130608305,276,-1.07220573086414,0.5735651773066,-0.614979870132244
PZB02099.2,9,130611573,276,0.573800681380317,0.724503608858229,0.415720664425351
PZA03669.1,9,130876521,276,0.215245038356601,0.569569900138508,0.122597095002078
PZA03670.1,9,130886940,276,0.176800094063904,0.248615273657487,0.0439552037683669
PZA03671.1,9,130889568,276,1.68518055152144,0.232254632208832,0.391390989199089
PZA02235.14,9,132119630,276,0.772774192798882,0.234683148457079,0.181357080612419
PZB00126.1,9,133389152,276,-2.99535031000532,0.225903712018315,-0.676660753825411
PZB00643.1,9,133448740,276,-2.80132434714393,0.253040429782988,-0.708848316762847
PZB00750.3,9,133448843,276,-2.00184274392203,0.321705297781897,-0.644003416045966
PZB00750.2,9,133449028,276,2.10775963650621,0.341925841013127,0.720697486365909
PZA01096.1,9,133450713,276,-0.317285764148391,0.325754046088968,-0.103357121437769
PZB01436.2,9,135383612,NA,NA,NA,NA
PZB01436.3,9,135383693,276,-0.641105950209837,0.367300773465738,-0.23547871138556
PZB01436.1,9,135383906,276,1.20944464656129,0.26776435089474,0.323846160729603
PZB00118.2,9,135842386,276,1.50043277158399,0.253250367563845,0.379985150908485
PZA02252.2,9,136597740,276,-0.130231463113433,0.378025048317654,-0.0492307551359343
PZA00502.5,9,139381999,NA,NA,NA,NA
PZA00502.1,9,139382140,276,0.519096439418135,0.227431710060421,0.118058990903142
PZA01369.1,9,140926271,276,-0.850269386126959,0.285025692494002,-0.242348620587286
PHM816.29,9,142043997,276,-0.825116004716746,0.228488076023634,-0.188529168414037
PZB00221.3,9,142271047,276,0.0230748488143089,0.24480789564726,0.00564890518060965
PZB00221.6,9,142271097,276,-2.1802860878809,1.01064960261986,-2.20350526831443
PZD00055.1,9,142271281,276,0.57680908873224,0.224818619331305,0.129677422946531
PZD00055.2,9,142271439,276,-1.58062087936036,0.466469315338765,-0.737311139405385
PZB00221.2,9,142271476,276,-0.934681752284945,0.225168538491271,-0.210460924116461
PZB00221.5,9,142271582,276,0.777652686260946,0.249337084384083,0.193897653455754
PZB00221.7,9,142271657,276,-1.35368001294344,0.298028420839918,-0.403435116580094
PZA00323.3,9,142499873,276,-0.041988663525795,0.303073607305501,-0.0127256557206996
PZA00323.4,9,142500070,276,-0.0612393403262563,0.305345743277802,-0.018699171889763
PZA01715.2,9,142948449,276,-1.71403501566802,0.223035548132805,-0.382290739238337
PZA01715.1,9,142948545,276,-0.247885972990781,0.267629273607654,-0.0663415428890493
PZA02381.1,9,144723067,276,-1.50177205390806,0.563091355065313,-0.845634860834309
PZA00912.2,9,145148200,276,0.660603328355426,0.28630607903342,0.189134748737869
PZA02997.16,9,146470580,276,1.87279430694985,0.268691319135682,0.503203572804149
PZA02997.19,9,146470644,NA,NA,NA,NA
PZA00832.1,9,147131097,276,-0.72901598590085,0.286148198149294,-0.208606610787559
PZA00579.2,9,147384886,276,-0.247160946098773,0.259878712881848,-0.064231868546809
PZA00579.6,9,147384958,276,1.36215010958027,0.553379059479756,0.753785346509773
PZA03156.3,9,147821234,276,-0.335660887684947,0.72862461253138,-0.244570784231383
PZA02847.21,9,147826958,276,-1.33646070301073,0.284706928424849,-0.3804996217147
PZA00428.2,9,148430337,276,-1.98801955740354,0.244711786726826,-0.486491817940094
PHM13681.12,9,148713045,276,0.770721957721022,0.243796583231889,0.187899379914178
PZA03405.1,9,148715252,276,0.924199039962039,0.969891736994187,0.896373012197142
PZA00123.1,9,149398788,276,-0.0386549782561182,0.531423393675962,-0.0205421597273369
PZD00050.3,9,149507714,276,-1.62032727044146,0.334630014258597,-0.54221013761142
PZD00050.2,9,149507835,276,-1.0809762067657,0.512445088658415,-0.553940948113684
PZA03573.2,9,150137968,276,1.82041739267796,0.286725301466255,0.52195972571
PZA03573.3,9,150138109,276,1.51684431891517,0.343754372050793,0.521421866347498
PZA03573.1,9,150138200,276,-2.00327088273177,0.324902135719321,-0.650866988223881
PZA03573.4,9,150138319,276,0.847290260191047,1.20773126294801,1.02329893602408
PZA03572.2,9,150138962,276,0.298367635080896,0.25441574911783,0.0759094253916215
PZA00184.4,9,151289826,276,-1.52316627781256,0.447810431638088,-0.682089748323824
PZA00184.1,9,151289948,276,1.66571893828063,0.284818301334317,0.474427238501491
PZA03332.1,10,838970,276,-1.39016220297695,0.450385108532608,-0.626108354665703
PZA02554.1,10,1939921,276,-0.83800153758298,0.332567754829674,-0.278692289897786
PZA02221.20,10,1948030,276,1.31272640688111,0.237835727269157,0.312213239685995
PZA03216.2,10,2118915,276,1.70229426109474,0.235318281247615,0.400580959698493
PZA01313.2,10,3598262,276,0.163475147811567,0.226162087777442,0.03697188072879
PZA02095.10,10,5119007,276,1.54152730526511,0.335892558968313,0.517787551285026
PZA03078.29,10,6121273,276,0.870338807451513,0.234597238646268,0.204179080914811
PZA03078.33,10,6121326,276,-1.74702185952781,0.431858184886569,-0.754465689212839
PHM2828.83,10,6121374,276,0.0157281201610413,0.224076532779159,0.00352430263282011
PHM3765.7,10,7904882,276,-0.169066097814683,0.417742933751619,-0.0706261676990438
PZA03563.1,10,8398476,276,-0.929076172836506,0.243375387008993,-0.226114273124919
PZA03563.2,10,8398599,NA,NA,NA,NA
PZA03571.2,10,8398973,276,0.35101634275881,0.330846012228027,0.116132357228619
PZA01883.2,10,8950935,276,0.889199363581356,0.307749921671067,0.273651034492125
PZB01301.7,10,9748233,276,-0.841557730997512,0.236633721847193,-0.19914093803522
PZB01301.6,10,9748367,276,-1.27178082583309,0.232471538148089,-0.295652844768665
PZB01301.5,10,9748559,276,-0.913166659539657,0.247153874419578,-0.22569267789601
PZA00257.11,10,10432605,276,1.15436195290207,0.236086237651765,0.272528970348993
PZA00257.22,10,10432680,276,-1.48313049788431,0.502790083783162,-0.745703307292615
PZA00463.3,10,13546326,276,-0.223924892232164,0.331875263444682,-0.0743151326013713
PZA02961.1,10,16264730,276,2.00088499580562,0.329504599692193,0.659300809573047
PZA02961.6,10,16264897,276,0.518894708058649,0.229170313040267,0.118915262680738
PZA00656.4,10,17645859,NA,NA,NA,NA
PZA00656.14,10,17645881,NA,NA,NA,NA
PHM3922.32,10,17722937,276,-3.37627962634449,0.250178396274704,-0.844672222293823
PZA00079.1,10,18903460,276,3.47201007927718,0.325429359187039,1.12989401519011
PZA00310.5,10,20451157,276,-1.36869634437525,0.288546972369988,-0.39493318626335
PZA02853.10,10,25965887,276,1.09053401855137,0.398227537052442,0.434280676279613
PZA02853.7,10,25965933,276,-0.690780981336651,0.248257868369241,-0.171491813936649
PZA00552.3,10,26982134,276,1.09419892318363,0.645186277020838,0.705962129569054
PZA00552.4,10,26982383,276,-0.973172772741147,0.464748086341802,-0.452280183811394
PZA03262.2,10,28596609,276,-1.10194868797409,0.314705566578964,-0.346789386189833
PZA03262.1,10,28596640,276,1.6535738270694,0.30675698955961,0.507245329206372
PZA03137.3,10,28596680,276,-1.72154941361748,0.310109022896543,-0.533868006525032
PZD00032.2,10,30830302,276,1.74031584865052,0.430197585412755,0.748679675945004
PZD00032.1,10,30830484,276,-0.572303950967299,0.247678388731254,-0.141747320440111
PZD00032.4,10,30830707,NA,NA,NA,NA
PZD00032.5,10,30830820,NA,NA,NA,NA
PZD00032.3,10,30830960,276,-0.265512327776378,0.7041428946385,-0.186958619042665
PZD00033.2,10,30832690,276,-0.623724377293284,0.407227561287362,-0.253997757080623
PZA02945.10,10,33619582,276,1.44643695862122,0.223635974453113,0.323475338726254
PZA02945.37,10,33619945,276,-0.0189668832436081,0.223629460766173,-0.00424155387218306
PZB01178.1,10,42369806,276,1.45387412000965,0.245561390822854,0.357015350990923
PZB00849.1,10,43580032,276,-1.28954900271486,0.269685001514443,-0.347772024750106
PZB00849.2,10,43580042,276,0.387197791068674,0.491242864529827,0.190208152024197
PZA01597.1,10,61603191,276,-0.284249800053373,0.24106908688731,-0.0685238397467671
PZA00562.4,10,61763079,276,0.294916019239241,0.254571880461456,0.0750773255959405
PZA00562.3,10,61763171,276,-0.187554112587135,0.396188793402639,-0.0743068375635998
PZA00409.17,10,62062819,276,0.511487320103409,0.248739773055524,0.1272272399233
PZA00409.15,10,62062890,276,0.284454581757603,0.300248249083959,0.0854069901166302
PZA00409.3,10,62062924,276,0.694589785814286,0.25736226168544,0.17876119822077
PZA00174.1,10,66408538,276,2.15988010972234,0.291355398436241,0.629292729942664
PZA00174.2,10,66408674,276,-2.47853766781552,0.285895847948822,-0.708603628213214
PZA00665.6,10,68803444,276,-1.50406125293568,0.344682414383047,-0.51842346404186
PZA01677.1,10,70797556,276,-1.86824561138471,0.288236198823982,-0.538496013495116
PZA02941.2,10,71120160,NA,NA,NA,NA
PZA02941.3,10,71120220,276,0.625010082393788,0.370705123808617,0.231694439975423
PZA02941.6,10,71120324,276,-0.339220697002442,0.296521002124699,-0.100586061016603
PZA00475.20,10,75521031,NA,NA,NA,NA
PZA00475.25,10,75521139,NA,NA,NA,NA
PZA01877.2,10,77492186,276,0.737531007688643,0.336191991652284,0.247952018380161
PZB02029.1,10,78146208,276,-2.73774526459619,0.216425556290827,-0.592518041872809
PZA03157.2,10,81756950,276,0.915746332367855,0.305894142980055,0.280121439526794
PZB00409.1,10,84002430,276,0.371896305372905,0.306812970943215,0.114102610334266
PZA00587.3,10,84518272,276,-0.329543082233348,0.382158385428538,-0.12593765223544
PZA03170.2,10,85296853,276,-1.65631181305463,0.297903330682622,-0.493420805757946
PZA03170.1,10,85296889,276,0.877074757571021,0.288823054207577,0.253319410250032
PZB02529.2,10,86319860,276,-0.927965558817344,0.882582906129942,-0.819006539689507
PZB02529.1,10,86320007,276,2.36106798219425,0.227314142607334,0.536704144010114
PZA00337.4,10,86327620,276,1.71352353870526,0.222734998787046,0.381661663315091
PZA00337.3,10,86327722,276,1.16811134633326,0.238794743351291,0.278938849153382
PZA00814.1,10,87194491,276,1.73497036796215,0.256810632080519,0.445558836837331
PZA03351.1,10,89122261,276,0.675735998251255,0.283343506217854,0.191465407022133
PZA00048.2,10,98582073,276,-1.51032652977064,0.235465825045332,-0.355630282420298
PZA00048.1,10,98582149,276,-1.76147689684153,0.229398835130398,-0.404080748244554
PZA00400.3,10,98866690,276,0.619375211973707,0.232588051932905,0.144059273968494
PZB01206.2,10,99238136,276,0.79236921488279,0.34072876232884,0.269982981894488
PZB01206.1,10,99238326,276,-0.391307737457099,0.280990304882852,-0.109953680451089
PZA02398.2,10,99471436,276,0.488854507358012,0.243243127052773,0.118910499043606
PHM537.22,10,99471668,276,0.7825231978157,0.27932290589491,0.218576653544059
PZA03585.1,10,104900730,276,-0.0125362508372896,0.318916319438655,-0.00399801497658814
PZA02993.5,10,106620017,276,1.91591065404919,0.31242903909597,0.598586124638319
PZA02993.6,10,106620041,276,-1.29844778362615,0.282991886771679,-0.367450188162868
PZA02993.14,10,106620146,276,-1.60375318260847,0.313515637207597,-0.502801700969207
PZA00444.5,10,106780310,276,0.655030238320393,0.869261055803448,0.569392276545569
PZA00444.1,10,106780357,276,0.753682503001362,0.362735468448498,0.273387375787636
PHM18195.6,10,106780623,276,0.684714978877488,0.368175879573406,0.252095539605306
PZB00806.9,10,107950190,276,-1.64754142198056,0.440922427375226,-0.7264379629809
PZB00806.8,10,107950287,NA,NA,NA,NA
PZB00806.4,10,107950370,276,-0.262009919692456,0.350128501787024,-0.0917371406352583
PZB00806.6,10,107950399,276,0.387210074798026,0.389020288259889,0.150632574915061
PZA00135.6,10,109542101,NA,NA,NA,NA
PZA01292.1,10,109633741,276,0.942204055727556,0.250337416281501,0.235868928920787
PZA01919.2,10,111260278,276,1.40675604760951,0.221795345946698,0.312011944242161
PZA02128.3,10,111608788,276,-1.15842534503397,0.329903982703725,-0.382169134991642
PZA00215.3,10,111672770,276,0.690631255243941,0.277111078303132,0.191381571850494
PHM13687.14,10,117796822,276,-1.60236815219854,0.251124730388647,-0.402394270204212
PZA00712.15,10,117797016,276,2.29664653479763,0.230138084104999,0.528545833384711
PZA00712.4,10,117797175,276,-2.35518788163081,0.251287395284023,-0.591829028179503
PZA02219.2,10,118308828,276,1.99745791347002,0.297188329636931,0.593621180824224
PZB00677.3,10,120604920,276,0.0423688478819856,0.395500400093099,0.0167568962888089
PZB00677.4,10,120605201,276,-0.606190276498217,0.348967425825137,-0.211540660349811
PZA03713.1,10,121489957,276,-1.64247229905798,0.257123786511171,-0.422318696773496
PZA03711.2,10,121491031,276,2.67766204159749,0.350666045021602,0.938965158031458
PZA03711.3,10,121491202,276,1.79860707904193,0.522165621312766,0.939170782925471
PZA03711.1,10,121491271,276,-1.57948365492667,0.358566259887294,-0.566349546700171
PZA03710.2,10,121491723,276,1.88853004601782,0.336153139125309,0.634835303301355
PZA03710.4,10,121491895,276,1.81744939057601,0.325054759310535,0.590770574212765
PZA03710.1,10,121491955,276,0.250399056148518,0.276809465659178,0.069312828934034
PZA03710.5,10,121492057,276,0.836033402359386,0.408321654165161,0.341370541788713
PZA03710.3,10,121492142,276,-1.57699091214118,0.436122493316364,-0.687761208540259
PZA03710.6,10,121492205,276,0.435349916247104,0.27209420283827,0.118456188416963
PZA03709.1,10,121493027,276,-1.90509593652725,0.340308873171538,-0.648321051443264
PZA03709.2,10,121493288,276,1.95592948151388,0.501958307898117,0.981795052908747
PZA00251.4,10,122517732,276,1.10206573329036,0.306454923837923,0.337733470359882
PZA00251.1,10,122517816,276,-0.642602002677468,0.262373961449423,-0.16860203307782
PZB02227.3,10,123741974,276,-0.474051332111196,0.382126794251809,-0.181147715850451
PZB02227.1,10,123742114,276,-0.0289398251613687,0.282338732247051,-0.00817083354751214
PZB02227.4,10,123742392,276,-2.09568931630461,0.307254125358793,-0.643909187904939
PZB02227.2,10,123742823,276,-1.8701714239793,0.243532232623774,-0.455447022270862
PZA02821.5,10,123998923,276,1.18773079953736,0.2419394131049,0.287358892566682
PZA03196.3,10,124005323,276,-1.31286816028339,0.39848793756057,-0.523162125480266
PZA03196.1,10,124005403,276,-2.65402707342966,0.230217586960346,-0.611003708572404
PZA00063.3,10,124523264,276,-0.48386110092661,0.518069846422496,-0.250673846246869
PZB01412.2,10,126573429,276,-0.640596361245967,0.465649778343688,-0.298293553621957
PZA03071.15,10,128463270,276,-0.428455414196254,0.26514130073893,-0.113601225828632
PZA00647.9,10,129730703,276,0.551816274595802,0.241844668332099,0.133453823909876
PZA00342.7,10,130170691,276,1.92978636769965,0.246002495254053,0.47473226176137
PZA00342.9,10,130170772,276,2.38503093127946,0.294801046630613,0.70310961478757
PZA03115.1,10,130351968,276,1.38559455520266,0.235547539296404,0.326373387940482
PZA03115.2,10,130352040,276,-1.53959234627036,0.232794282179299,-0.358408295098751
PZA01241.2,10,130452676,276,-1.12350504946937,0.241163817549528,-0.270948766766205
PZA02320.1,10,132256848,276,-1.36679457912649,0.238045673960042,-0.325359536753097
PZA03164.2,10,132380594,276,0.55879092928838,0.26780673726446,0.149647975585697
PZA03164.3,10,132381021,276,1.3014541039603,0.471490440456204,0.613623168709778
PZA03164.1,10,132381032,276,-2.10036593544156,0.274521980383718,-0.576596616127918
PZB01997.1,10,132732382,276,0.979753764962219,0.265769942595466,0.260389101871701
PZB01111.8,10,134034407,276,0.517801437210534,0.224864096675126,0.116434952435429
PZB01111.3,10,134034437,276,1.96953265590046,0.376683761271782,0.741890968772188
PZB01111.1,10,134034461,276,0.446103448972609,0.225771847030135,0.10071759964106
PZB01111.5,10,134034491,276,-1.03212139804856,0.372429491120604,-0.384392447049913
PZB01111.7,10,134034686,276,-0.0542634477617773,0.606372541035197,-0.0329038647046396
PZB01111.6,10,134034875,276,1.08374767076801,0.271353982722831,0.294079246729489
PZA03398.2,10,134805750,276,-0.870332459336875,1.1442033899296,-0.995837350339021
PZA03398.1,10,134805853,276,0.73807771673884,0.350576885557259,0.258752987233515
PZA01456.2,10,135928293,276,-1.0601488166221,0.223224671475355,-0.236651371305455
PHM18513.156,10,136530988,276,-1.20498192444452,0.235389520437737,-0.283640117331137
PHM15868.56,10,137132183,276,0.976045893985717,0.247179331096211,0.241258371194593
PZA02663.1,10,137627429,276,0.541011559686216,0.230596113850623,0.124755163211906
PZA03570.2,10,138760374,276,-0.345829143279741,0.418721615040878,-0.144806137402296
PZA03570.1,10,138760446,276,1.19466177514788,0.237058904756992,0.2832052119716
PZA03569.2,10,138760685,276,1.16927729163317,0.437394739817477,0.511435736748376
PZA03229.1,10,139507065,276,0.689369518600039,0.232119640162993,0.160016204596777
PZA03229.4,10,139507136,276,0.00380586671409358,0.275713497211589,0.00104932882166392
PZA03229.2,10,139507440,276,1.01543822832728,0.367028598550009,0.372694869857064
PZA01995.2,10,139616614,276,0.789452600326753,0.274404972205607,0.216629718850307
PZA03267.3,10,139717238,276,0.261011509506036,0.232465605146461,0.060676198507512
PZA03267.2,10,139717663,276,-1.05243719560086,0.255439977410089,-0.268834533469821
PZA03267.4,10,139717741,276,0.552273354103287,0.237633528372093,0.131238665761455
PZA03132.3,10,139830278,276,-0.870751103239089,0.314313736715565,-0.273689033008279
PZB00239.1,10,140492616,NA,NA,NA,NA
PZA03607.5,10,141828307,276,-0.751492785464605,0.500458683202971,-0.376091089850149
PZA03607.3,10,141828459,276,0.215592453438436,0.259309726313996,0.0559052200964838
PZA03607.2,10,141828530,276,-0.752688910952685,0.247170642721784,-0.186042601889735
PZA03607.1,10,141828531,276,-1.02062378977489,0.252359296874365,-0.257563901960841
PZA03607.4,10,141828691,276,-0.458974789495651,0.292963603510489,-0.134462908251114
PZA03606.1,10,141829598,276,-0.391278461905876,0.292394652170235,-0.114407729770673
PZB02554.3,10,141829707,276,-1.17782975580847,0.72603719920243,-0.855148217044464
PZB02554.2,10,141829795,276,-0.781680348029965,0.255346194612686,-0.199599102272972
PZB02554.1,10,141829860,276,0.792633620467337,0.232719712907984,0.184461468596375
PZA03605.1,10,141830532,276,0.5568178214631,0.23800254211255,0.13252405700179
PZA03605.2,10,141830830,276,1.07072208364636,0.416633323296211,0.446098500036229
PZA03604.2,10,141831736,276,-0.733585638519919,0.237461667716947,-0.174198469136141
PZA03604.1,10,141831767,276,0.683321460688704,0.237732876370839,0.162447976335448
PZA03604.3,10,141831821,276,-1.00378628964211,0.621488290777162,-0.623841425455225
PZA00727.11,10,142854665,276,1.15597665805872,0.340510130084709,0.393621762210461
PZA00727.1,10,142854765,276,-0.7224923736965,0.29061262538361,-0.209965405539576
PZA00130.9,10,143269455,276,-1.70969692585928,0.24912070648333,-0.425920906042442
PZA00130.7,10,143269563,276,0.747109588918595,0.278662287095641,0.20819126675914
PZA02969.1,10,143676007,276,-0.0315325264270829,0.23918968866733,-0.00754225517898832
PZA02969.7,10,143676157,NA,NA,NA,NA
PZA02969.8,10,143676207,276,1.36926407773009,0.232567815176449,0.318446754957283
PZA02049.1,10,144025574,276,0.45703921356473,0.256887674380148,0.117407740673175
PZA00007.2,10,144172190,276,-1.23535137402325,0.276720559152141,-0.341847122969078
PZA00007.1,10,144172316,276,1.23971422106212,0.2348312674906,0.291123661858139
PHM5435.25,10,144239494,276,-0.928009770172625,0.246804452459469,-0.229036943204493
PZA00551.4,10,144239564,276,-0.659352827216846,0.236174598882632,-0.155722389490068
PZB00769.2,10,144548839,276,1.1350837747762,0.41640169269012,0.472650805161901
PZB00769.1,10,144548910,276,-1.48841267247911,0.2582239492528,-0.38434379840547
PZA01073.1,10,144549995,276,2.2006196751713,0.269411762639101,0.592872825586186
PZB01471.2,10,145850233,276,1.15436944072561,0.45168588473117,0.521412382140771
PZB01471.3,10,145850362,276,-0.875973546079691,0.230133202100666,-0.201590597114794
PZB01471.1,10,145850422,276,-0.814701084237574,0.245189819095584,-0.199756411461187
PZA00062.4,10,146999711,276,0.414529451808526,0.440720584157108,0.182691662151379
PZA00678.1,10,147762925,276,1.89815855120606,0.242611738834347,0.460515546691388
PZA00678.2,10,147762964,276,1.64557069043378,0.312897701630896,0.514895286907897
PZA00179.9,10,147819958,276,-0.286956274928988,0.350667681670812,-0.10062629167024
PZA02833.6,10,148332885,276,0.991535909277221,0.238379224723698,0.236361561339211
PHM1506.23,10,148488692,276,0.299373019162865,0.248823737176554,0.0744911134379322
PZA03402.1,10,148816538,276,0.00280011218067675,0.601549283524409,0.00168440547607407
PZA03429.1,10,148907116,276,-0.365059830447846,0.504374402320588,-0.184126833793387
